Date,Avg_temp,Temp_diff,Consumer_price,Cow_disease
20140102,1.5,7.5,60642,278
20140103,2.3,8.4,59919,278
20140106,0.8,10.1,58957,278
20140107,3,5.2,59046,278
20140108,0.5,9.7,58749,278
20140109,-7.8,6.1,60978,278
20140110,-4.7,8.4,61047,278
20140113,-6.2,8.9,62039,278
20140114,-4.3,10,62554,278
20140115,-2.9,9.8,63056,278
20140116,0.1,7.6,62953,278
20140117,-0.1,7.5,62365,278
20140120,-1.5,6.1,63335,278
20140121,-5.5,4.1,63012,278
20140122,-3.9,11.1,63200,278
20140123,-0.8,9.3,63642,278
20140124,3,6.8,64459,278
20140127,0.2,11.4,63900,278
20140128,1.5,7.6,63900,278
20140129,2.2,13.5,64047,278
20140203,-3.5,11,64760,317
20140204,-7.4,6.8,64654,317
20140205,-4.8,9.2,63997,317
20140206,-1.3,9.7,64128,317
20140207,2.4,9.6,62794,317
20140210,-0.1,7.3,63850,317
20140211,0.2,9,63512,317
20140212,1.2,7.1,63983,317
20140213,1.9,8.6,64074,317
20140214,2.7,8.3,62543,317
20140217,4.2,7.6,61935,317
20140218,2.5,5.1,62369,317
20140219,2.1,8.6,60953,317
20140220,1.2,6.7,61217,317
20140221,0.9,10.9,60967,317
20140224,4.1,9.6,59995,317
20140225,5.7,11.7,60886,317
20140226,8.4,15,60439,317
20140227,7.7,9.3,60923,317
20140228,6.7,11,60923,317
20140303,5.2,12.9,59062,619
20140304,6.3,10.1,59319,619
20140305,1.4,6.7,60014,619
20140306,0.3,8,60925,619
20140307,-0.6,8.9,61008,619
20140310,1.5,11.3,62029,619
20140311,4.5,10.3,62029,619
20140312,6.9,5.5,61856,619
20140313,5.2,6.7,59139,619
20140314,3.4,10,57781,619
20140317,12.6,12.5,57747,619
20140318,10.5,8.3,59177,619
20140319,9.6,4.9,59644,619
20140320,6.3,7.5,62778,619
20140321,5.9,10.8,61657,619
20140324,10.9,10.7,64177,619
20140325,14.6,6.3,64120,619
20140326,15.4,10.1,64049,619
20140327,13.5,12.7,62128,619
20140328,16.6,12.5,61731,619
20140331,14.5,11.4,61006,619
20140401,15.6,13.5,61297,621
20140402,15.5,12,61994,621
20140403,10.2,8.1,59888,621
20140404,6.6,9.4,59888,621
20140407,10.3,11.8,60365,621
20140408,11.9,14,60535,621
20140409,10.3,8.3,60535,621
20140410,12.5,12.8,60350,621
20140411,13.6,8.6,60006,621
20140414,16.3,10.3,61326,621
20140415,12.9,7.5,60546,621
20140416,14,9.4,61153,621
20140417,14.7,12.5,59374,621
20140418,15.9,11,59444,621
20140421,15.1,11.6,59811,621
20140422,16,13.7,59811,621
20140423,17.2,14.5,59811,621
20140424,18.6,14.1,61226,621
20140425,19,13.6,60550,621
20140428,13.6,2.8,62206,621
20140429,15,7,62263,621
20140430,16.1,10,62891,621
20140502,15.7,13.7,61089,724
20140507,15.7,13.6,61257,724
20140508,14.5,8,62297,724
20140509,16.8,14,62324,724
20140512,16.4,6.8,62597,724
20140513,19.2,13.7,62597,724
20140514,19.6,10.6,62597,724
20140515,18.2,9.2,62111,724
20140516,19,13.9,61797,724
20140519,20,12.1,61854,724
20140520,21.5,12.3,61879,724
20140521,20.1,10.6,61932,724
20140522,20.9,14.7,60906,724
20140523,22,10.2,61191,724
20140526,19.4,8.2,61821,724
20140527,22.8,11.6,61997,724
20140528,24,9.9,61926,724
20140529,23.2,13.4,62046,724
20140530,24.8,14.5,62029,724
20140602,22.6,4,62400,600
20140603,18.7,3.5,62400,600
20140604,22.8,9.1,62400,600
20140609,22.9,10.2,64536,600
20140610,23.6,9.3,64668,600
20140611,20.5,8.6,64191,600
20140612,21.2,9.8,64279,600
20140613,21.3,7.4,64136,600
20140616,23.9,9.9,64859,600
20140617,24.5,9.2,64985,600
20140618,24.4,8.6,64422,600
20140619,22.5,4.8,64359,600
20140620,24.2,7.9,64391,600
20140623,21,3.8,64550,600
20140624,22.9,7.8,64550,600
20140625,23.8,8.8,65115,600
20140626,24.4,9.3,64624,600
20140627,24.1,8.9,64594,600
20140630,25.3,9,64671,600
20140701,26,10.1,64222,517
20140702,25.7,9,64194,517
20140703,22.6,3.3,62554,517
20140704,26.8,10.7,62554,517
20140707,27.1,13,62579,517
20140708,25.9,5.6,63071,517
20140709,27.6,7.4,63229,517
20140710,28.9,9,65829,517
20140711,27.1,9.8,65916,517
20140714,26.4,7.9,65244,517
20140715,26.8,8.4,64633,517
20140716,26.6,8.7,64614,517
20140717,25.9,6,65208,517
20140718,26.1,8,65392,517
20140721,27.3,7.2,64097,517
20140722,25.9,3.6,63932,517
20140723,23.6,3.5,63932,517
20140724,21.9,5.4,63827,517
20140725,27.5,11.6,63636,517
20140805,26.6,4.2,64716,393
20140806,24.4,3.7,64671,393
20140807,24.7,4.5,65011,393
20140808,26.1,8.7,64957,393
20140811,23.7,10.3,64638,393
20140812,25.8,8.1,65282,393
20140813,24.2,4.2,65150,393
20140814,22.3,2.8,66441,393
20140818,22.3,3.5,67786,393
20140819,22.3,4.9,68170,393
20140820,24.8,5.6,68224,393
20140821,23.1,2.8,66542,393
20140822,24.7,6.4,67003,393
20140825,25.9,4.5,67666,393
20140826,25.4,8,66968,393
20140827,24.6,7.5,67021,393
20140828,25.1,10.9,67021,393
20140829,25.2,9.1,67021,393
20140901,24.1,9.3,67932,430
20140902,23.1,8.4,68839,430
20140903,19.1,3.2,69829,430
20140904,22.4,9.6,69465,430
20140905,23.8,9,69641,430
20140911,23.3,11.7,70251,430
20140912,21.3,8,67554,430
20140915,23.1,6.9,68572,430
20140916,21.3,11.2,68572,430
20140917,20.2,5,67377,430
20140918,20.6,10.8,67710,430
20140919,21.4,13.5,68010,430
20140922,21.4,12.9,68054,430
20140923,23,10.9,67658,430
20140924,20.3,5.8,68213,430
20140925,22.2,10,66574,430
20140926,21,5.6,66476,430
20140929,19.4,3,66157,430
20140930,18.9,8.3,66157,430
20141001,19.2,9.5,66535,513
20141002,18.1,3,67540,513
20141006,16.6,12.1,67124,513
20141007,16.1,10.9,67634,513
20141008,16.7,13.6,67920,513
20141010,19,13.8,67184,513
20141013,17.4,10.7,67726,513
20141014,13.8,11.5,67323,513
20141015,13.8,11.1,66733,513
20141016,13.2,8.7,66437,513
20141017,13.6,14.6,65989,513
20141020,14.4,4.2,66721,513
20141021,13.8,3.8,68063,513
20141022,13.6,8.3,68551,513
20141023,13.8,12.1,69119,513
20141024,15.1,11.1,69484,513
20141027,10.7,10.8,68362,513
20141028,10.2,16.7,68362,513
20141029,12.1,15.9,68100,513
20141030,14.2,13.1,67921,513
20141031,15,5.4,67805,513
20141103,9.3,11,66959,450
20141104,11.3,13.1,67646,450
20141105,12.4,12,68159,450
20141106,13.5,8.2,67862,450
20141107,9.8,11.4,67659,450
20141110,9.4,13,67403,450
20141111,9.4,9.9,67403,450
20141112,6,11.3,67317,450
20141113,-0.2,7.4,67441,450
20141114,4.2,11.4,67711,450
20141117,6.2,5.2,68165,450
20141118,5,8.7,68246,450
20141119,5.6,13.2,68468,450
20141120,7.9,11.9,68211,450
20141121,11.3,10.6,67983,450
20141124,9.8,5.2,67983,450
20141125,10.2,8.5,67714,450
20141126,11,8.1,67477,450
20141127,10.4,8.2,67640,450
20141128,8.8,3.6,66780,450
20141201,-1.1,15.1,66780,573
20141202,-5.4,5.5,66780,573
20141203,-3.3,6,66975,573
20141204,-4.6,7.2,67390,573
20141205,-6.6,7.6,67049,573
20141208,-1.6,7.5,66776,573
20141209,-2.4,11.5,66800,573
20141210,1.6,6.1,66923,573
20141211,-1.5,8.4,66108,573
20141212,-3.8,7.5,66108,573
20141215,-0.1,3.7,66276,573
20141216,-4.9,11.1,66425,573
20141217,-9,5.9,66711,573
20141218,-8.3,11,67938,573
20141219,-3.8,8.1,67734,573
20141222,-4.7,10.5,66621,573
20141223,-1.3,7.5,66351,573
20141224,1.7,9.5,66218,573
20141226,-3.2,9.9,66783,573
20141229,2.9,6.9,66136,573
20141230,1.9,7.9,66425,573
20141231,-1.9,8.6,64233,573
20150102,-6,7.1,64390,277
20150105,3.7,9,65654,277
20150106,-3.2,11.6,65397,277
20150107,-5.5,8.3,65539,277
20150108,-5.1,9.3,62858,277
20150109,-2.1,10.3,62858,277
20150112,-2.7,11,62440,277
20150113,0.2,10.9,62440,277
20150114,2.5,6.4,62235,277
20150115,2.8,10.1,65114,277
20150116,0.8,5.9,64923,277
20150119,-0.1,7.1,65555,277
20150120,-0.9,10.8,65721,277
20150121,2.6,7.7,65721,277
20150122,3.1,6.3,66428,277
20150123,1.2,6.5,66300,277
20150126,3.6,6.3,66831,277
20150127,-3.6,7.9,66754,277
20150128,-4.1,11.8,66376,277
20150129,-1.1,7.6,66855,277
20150130,-3.3,7.8,66725,277
20150202,-0.6,11.7,66725,226
20150203,0.6,10.7,67435,226
20150204,0.4,8.9,67610,226
20150205,-0.1,8.6,65660,226
20150206,0.4,10.8,65723,226
20150209,-5.7,12.9,65331,226
20150210,1.7,7.8,65844,226
20150211,2.7,8.8,65844,226
20150212,-2.2,6.3,66495,226
20150213,-1.6,10.4,66495,226
20150216,5,3.8,66376,226
20150217,1.9,3.6,66376,226
20150223,0.9,8.3,66935,226
20150224,2.1,8.6,67286,226
20150225,5.4,12.3,65165,226
20150226,1.2,8.2,63583,226
20150227,-1.3,10.4,63333,226
20150302,3.9,11.6,62308,388
20150303,2.8,8,62500,388
20150304,-2.1,6,62220,388
20150305,-0.3,10.9,64223,388
20150306,2.9,13.6,64189,388
20150309,2.2,13.6,65372,388
20150310,-3.4,7.9,66462,388
20150311,0.4,12.6,66356,388
20150312,2.1,10.2,66253,388
20150313,5.6,9.2,66045,388
20150316,9.8,17.3,66144,388
20150317,10.7,9.2,66439,388
20150318,10.7,6,66780,388
20150319,12.4,14.5,64566,388
20150320,13.4,14.3,64251,388
20150323,4.6,10.1,64533,388
20150325,6.5,14.1,64468,388
20150326,7.9,13.2,65227,388
20150327,9.1,13,64783,388
20150330,13.2,14.9,65398,388
20150331,12.9,4.9,65373,388
20150401,12.9,7.6,64251,322
20150402,14.8,13.3,64105,322
20150403,10.6,8.2,64105,322
20150406,10.3,8.5,64583,322
20150407,8.4,6.7,64583,322
20150408,8.3,10.2,64910,322
20150409,9.6,12.5,64354,322
20150410,11.6,14.6,64273,322
20150413,12,10.2,64102,322
20150414,6.9,2.2,64230,322
20150415,11.1,11.4,64105,322
20150416,9.9,7.9,62415,322
20150417,10.5,11.3,62872,322
20150420,12.2,6.5,63303,322
20150421,14,13.2,63251,322
20150422,14.2,11.4,62944,322
20150423,14.5,12.1,65208,322
20150424,15.7,12.4,64803,322
20150427,18.5,12.2,64879,322
20150428,20.3,14.6,64879,322
20150429,17,2.6,64879,322
20150430,21.2,13.2,62103,322
20150504,16.1,7.6,62278,415
20150506,15.4,12.2,61515,415
20150507,16.5,13.4,63559,415
20150508,16.7,11,63559,415
20150511,18.4,9.7,64450,415
20150512,13.3,7.2,64425,415
20150513,17.4,9.6,64525,415
20150514,20.4,11.3,64525,415
20150515,19.1,7.4,64525,415
20150518,17.7,8.5,65608,415
20150519,14.8,3.2,65283,415
20150520,16.3,11.3,65358,415
20150521,18.7,13.4,64977,415
20150522,20,13.5,64634,415
20150526,21.5,16.2,65515,415
20150527,23.2,17.1,65529,415
20150528,24.3,15.5,66003,415
20150529,23.8,11.3,66003,415
20150601,21.7,12.7,66297,349
20150602,23.1,11.7,66639,349
20150603,23.3,12.3,66376,349
20150604,24.2,14.4,64566,349
20150605,19.1,4.5,64724,349
20150608,22.4,9.6,64861,349
20150609,22.2,9.3,64861,349
20150610,25.3,17.3,65255,349
20150611,24.6,9.5,64853,349
20150612,23.6,10.5,65436,349
20150615,24.2,11,65922,349
20150616,25,10.9,65783,349
20150617,23.4,10.6,65756,349
20150618,24.8,11.7,64000,349
20150619,24.5,9.9,64000,349
20150622,24,9.7,65008,349
20150623,24.7,11.3,65311,349
20150624,25.7,9.5,64746,349
20150625,24.8,8.1,67476,349
20150626,21,7.3,67682,349
20150629,25.7,9.4,68862,349
20150630,24.4,7.3,69132,349
20150701,23.7,6.9,69524,197
20150702,23.7,8.9,69120,197
20150703,23.3,9.1,68519,197
20150706,25.3,12.3,69557,197
20150707,25.6,8.3,69746,197
20150708,23.4,5.6,69511,197
20150709,26.5,9.7,69180,197
20150710,29.2,10.7,68983,197
20150713,23.1,3.5,68983,197
20150714,26.1,8.9,68783,197
20150715,27.9,11.2,69409,197
20150716,24.7,8.3,68606,197
20150717,23.6,10.2,68756,197
20150720,27.5,6.8,69039,197
20150721,27,5,70036,197
20150722,27.7,6.4,69809,197
20150723,26.9,7.2,70737,197
20150724,24.7,2.8,70689,197
20150727,26.2,5.6,70744,197
20150728,27.7,6.6,71064,197
20150729,26.7,4,71064,197
20150730,28.6,7.6,70678,197
20150731,27.9,6.2,70511,197
20150803,27.9,5.9,70553,466
20150804,27.5,5.4,70864,466
20150805,28.6,6.8,70600,466
20150806,29.3,9.9,71420,466
20150807,28.9,8.4,72222,466
20150810,27,8.1,71392,466
20150811,26.8,6.1,70997,466
20150812,27.3,10.8,70920,466
20150813,26.5,7.2,71924,466
20150817,26.6,13.1,72589,466
20150818,27.9,8.1,72717,466
20150819,26.8,5.5,72244,466
20150820,25.4,3.9,72167,466
20150821,25.2,6.3,72167,466
20150824,26.3,7,72231,466
20150825,21.7,5.3,72167,466
20150826,21.9,6.4,71951,466
20150827,24.7,8.8,72033,466
20150828,23.2,9.1,71267,466
20150831,25.9,10.2,73046,466
20150901,25.9,8.1,73934,354
20150902,23.9,5.7,73934,354
20150903,23.9,8.4,74134,354
20150904,24.8,10.1,74489,354
20150907,22.6,11.9,75114,354
20150908,22.7,12.7,75163,354
20150909,22.4,14.8,75163,354
20150910,22.4,11.4,75426,354
20150911,21,7.6,75426,354
20150914,22.1,11.4,75540,354
20150915,22.8,11.3,75540,354
20150916,21.6,10.7,75909,354
20150917,21.4,12.1,74785,354
20150918,21.9,13.3,74785,354
20150921,22.6,12.9,74967,354
20150922,23.9,13,75300,354
20150923,22,7.1,75058,354
20150924,23.4,13.1,74910,354
20150930,21.3,6.8,75663,354
20151001,16.3,9,75038,232
20151002,16.5,12.9,75225,232
20151005,18,14.6,75006,232
20151006,18.7,14.2,75891,232
20151007,19.6,11.6,75891,232
20151008,20.1,10.7,75667,232
20151012,12.3,9.7,76088,232
20151013,15,13.5,76088,232
20151014,17.1,13.6,76182,232
20151015,17.9,14,76514,232
20151016,17.5,11,77639,232
20151019,18.1,10.3,78900,232
20151020,18.8,9.7,78611,232
20151021,17.9,8.8,77469,232
20151022,17.5,8.6,76984,232
20151023,17.5,6.2,77158,232
20151026,15,6.7,77397,232
20151027,12.1,8.2,77397,232
20151028,9.9,10.2,77200,232
20151029,8.4,11.5,77150,232
20151030,5.4,8.7,77546,232
20151102,10.8,9.1,77243,410
20151103,11.8,12.1,77357,410
20151104,12.2,14,77357,410
20151105,13.2,10.6,77351,410
20151106,13.5,9.6,77923,410
20151109,10.8,2.3,78251,410
20151110,10,5.8,78119,410
20151111,11.6,11.1,77893,410
20151112,14.5,10.8,77872,410
20151113,11.5,2.6,77879,410
20151116,12.2,3.3,77600,410
20151117,13.9,8.3,77224,410
20151118,10.4,4.2,77224,410
20151119,8.9,4.1,76873,410
20151120,9.8,7.3,76800,410
20151123,8.5,4.5,76988,410
20151124,5.6,6.1,77230,410
20151125,2.4,4.4,77230,410
20151126,-2.7,5.7,77897,410
20151127,-2.8,9.3,77436,410
20151130,4.1,7.6,77953,410
20151201,4,11.7,77953,463
20151202,6,5.6,78583,463
20151203,-0.7,6.5,78394,463
20151204,-0.4,7.5,78394,463
20151207,1.9,10.1,77928,463
20151208,2.9,11,77928,463
20151209,5,11.7,77928,463
20151210,7.8,3.4,76668,463
20151211,6.4,8.9,76668,463
20151214,5,3.8,76468,463
20151215,4.7,6.2,76565,463
20151216,-1,7.8,76988,463
20151217,-4.6,7,76570,463
20151218,-3.3,6,75958,463
20151221,2.2,5.2,77139,463
20151222,3.1,9.2,77242,463
20151223,5.9,7.7,77242,463
20151224,1.5,6.9,77031,463
20151228,-5.7,8.5,78121,463
20151229,-3.2,11.6,78438,463
20151230,0.3,7.8,78713,463
20151231,0.7,4.7,77981,463
20160104,2,7.8,78497,198
20160105,-2.7,6.3,78548,198
20160106,-1.7,6.6,78738,198
20160107,-3.4,7.3,76974,198
20160108,-3.3,7.9,76924,198
20160111,-3.8,7.4,77156,198
20160112,-5.2,9.8,77130,198
20160113,-4.5,8.3,77152,198
20160114,-3.4,9.7,77948,198
20160115,-0.4,9.6,78252,198
20160118,-6.3,12.7,79382,198
20160119,-12.8,6.2,79382,198
20160120,-10.5,9.3,79685,198
20160121,-7.1,7.9,79260,198
20160122,-7.6,7.3,78809,198
20160125,-9.4,10.9,78809,198
20160126,-3.3,10.2,78809,198
20160127,-1.1,9,78809,198
20160128,-0.5,9.1,80009,198
20160129,1.9,6.8,80759,198
20160201,-6,8.1,80994,194
20160202,-5.3,10.9,80658,194
20160203,-2.4,12.3,80738,194
20160204,-0.7,7.9,81382,194
20160205,-2.2,10.2,81533,194
20160211,8.1,11.9,82541,194
20160212,8.4,3.2,81929,194
20160215,-5.8,7.7,82709,194
20160216,-2.7,7.8,82406,194
20160217,0,10.6,81919,194
20160218,3.5,9.2,82224,194
20160219,2.3,4.3,81252,194
20160222,1.1,6.4,80850,194
20160223,0.7,9,81100,194
20160224,-3,9,80218,194
20160225,-0.2,11.5,79985,194
20160226,2.2,10.7,78664,194
20160229,-3.8,4.8,80078,194
20160302,3.1,10.3,80116,473
20160303,8.1,9.5,80147,473
20160304,13.2,13.9,80009,473
20160307,8.1,7.4,80561,473
20160308,2.7,8.4,81891,473
20160309,0.3,8,82068,473
20160310,-1.1,7.4,82479,473
20160311,-0.5,10.1,81532,473
20160314,4.7,8.3,81648,473
20160315,5.2,13.4,82103,473
20160316,7.5,11.1,82206,473
20160317,9.3,12.7,80083,473
20160318,13.4,11.3,79975,473
20160321,9.9,10.6,79669,473
20160322,8,10.3,80275,473
20160323,8.2,10,80281,473
20160324,7.2,11.1,81197,473
20160325,7.1,10.5,80967,473
20160328,9.8,15.1,81737,473
20160329,11.3,9.5,81423,473
20160330,11.5,11.3,81737,473
20160331,13.5,15.4,80012,473
20160401,15.3,16.5,80012,344
20160404,12.3,14.7,79106,344
20160405,11.4,12.2,79694,344
20160406,14.4,16.3,80306,344
20160407,14.1,10.1,79394,344
20160408,11.1,10.9,79394,344
20160411,12.5,13.7,80229,344
20160412,14.1,9.1,80229,344
20160414,12.4,9.3,77851,344
20160415,15,15,77280,344
20160418,11.2,11.5,77177,344
20160419,12,12.7,77177,344
20160420,14.3,10.8,77749,344
20160421,13.5,6.6,79823,344
20160422,13.5,8.5,79871,344
20160425,17.2,15.1,80646,344
20160426,21.1,17.5,81360,344
20160427,17.2,6.2,81074,344
20160428,17.2,10.6,74620,344
20160429,16.2,11.7,72800,344
20160502,21.1,11.9,73291,247
20160503,12.9,8.7,73291,247
20160504,15.7,10.4,72763,247
20160509,20.2,9.1,75019,247
20160510,14.5,5.6,74528,247
20160511,16.4,13.1,74889,247
20160512,17.8,11.9,72714,247
20160513,18.6,12.7,72158,247
20160516,15.9,11.1,73017,247
20160517,19.3,15.7,73017,247
20160518,22.3,16,72464,247
20160519,24.3,15.6,72606,247
20160520,24,14.8,72050,247
20160523,23.3,11.1,74722,247
20160524,16.8,6.4,74722,247
20160525,19.7,9.1,74722,247
20160526,19.4,5.4,74822,247
20160527,20.9,12.3,74592,247
20160530,22.1,12,75323,247
20160531,21.6,10.2,75420,247
20160601,23.3,12.8,74200,640
20160602,23.2,11.9,74691,640
20160603,22.2,10.1,75306,640
20160607,21.7,6.3,76957,640
20160608,22.1,9.5,76717,640
20160609,24.1,13.5,75874,640
20160610,24.6,11.1,76203,640
20160613,23.5,10.2,75849,640
20160614,23.8,9.8,75849,640
20160615,20.9,7.1,75063,640
20160616,20.9,6.3,75418,640
20160617,23.8,10.5,75779,640
20160620,24.7,11.1,76585,640
20160621,26,10.3,76536,640
20160622,24.3,9.3,76852,640
20160623,24.7,9.8,76826,640
20160624,23.1,4.6,76529,640
20160627,24.4,9.6,78441,640
20160628,24.7,9.3,77316,640
20160629,25.3,9.3,77548,640
20160630,24.6,3.9,77853,640
20160701,24,4.6,77130,257
20160704,21.8,3.9,78009,257
20160705,23.1,4.6,78634,257
20160706,22.9,6.6,79391,257
20160707,24,8.4,78391,257
20160708,27.3,11.2,77797,257
20160711,28.4,8.6,79221,257
20160712,26.3,8.8,79541,257
20160713,26.3,6.3,78981,257
20160714,27.5,8.4,76683,257
20160715,26.2,5.5,77483,257
20160718,24.4,7.7,78453,257
20160719,27.1,11.5,78609,257
20160720,28.6,8.9,78859,257
20160721,28.3,7.3,76953,257
20160722,29.1,8.8,76813,257
20160725,28.4,5,78319,257
20160726,28.4,6.3,78521,257
20160727,27.6,2.2,77888,257
20160728,28,3.8,78172,257
20160729,26.3,5,77359,257
20160801,28.4,6.6,78332,348
20160802,27.2,6.1,77655,348
20160803,29.1,10.2,77769,348
20160804,30.7,9.7,78088,348
20160805,31.2,9.5,77703,348
20160808,30.5,9.1,77621,348
20160809,29.3,7.2,77530,348
20160810,29.4,8.7,77530,348
20160811,30.5,10.3,79485,348
20160812,30.4,9.5,78720,348
20160816,29.3,8.7,79074,348
20160817,29.9,9.6,79640,348
20160818,29.9,8.1,79297,348
20160819,28.9,6.6,78632,348
20160822,30.7,10.5,79766,348
20160823,28.3,7,80300,348
20160824,29.1,6.5,80359,348
20160825,27.1,8.2,80733,348
20160826,23,8.7,80538,348
20160829,22.2,9.7,81413,348
20160830,20.6,6.6,81440,348
20160831,17.7,3.1,80583,348
20160901,23.2,12.8,79158,350
20160902,24.2,8.4,79153,350
20160905,26.4,8.1,79452,350
20160906,24.7,8,79452,350
20160907,24.3,7.7,79452,350
20160908,23,5,79879,350
20160909,23.9,9.6,79879,350
20160912,23.4,6.1,79997,350
20160919,21.9,9.6,81097,350
20160920,20.6,11.4,80946,350
20160921,20.2,11,80836,350
20160922,21.9,9.7,79711,350
20160923,21.4,11.5,79711,350
20160926,23.6,9.2,79775,350
20160927,21,4.7,79389,350
20160928,19.9,3.1,79389,350
20160929,20.4,6.6,79588,350
20160930,20.5,5.8,79588,350
20161004,22,13.4,79294,508
20161005,21.1,9.7,79153,508
20161006,18,9.9,79466,508
20161007,19.7,8.3,79158,508
20161010,14,14,80648,508
20161011,15.4,11.1,80794,508
20161012,15.5,9.3,80948,508
20161013,15.2,12.6,79637,508
20161014,16.7,13,79894,508
20161017,17.5,7.2,79597,508
20161018,17,12.8,79676,508
20161019,18,10.3,79724,508
20161020,18.6,12.9,80371,508
20161021,17.9,6.3,79806,508
20161024,15.1,11.6,79806,508
20161025,14.1,5,79800,508
20161026,13.3,5.8,79800,508
20161027,14.6,12.3,80246,508
20161028,14.6,8.2,80200,508
20161031,5.7,7.5,80200,508
20161101,1.5,9,79285,397
20161102,4.1,13.2,79413,397
20161103,9.1,9.9,79413,397
20161104,12.3,7.5,80437,397
20161107,12.8,9.3,80818,397
20161108,4.1,8,80818,397
20161109,2.1,11.8,80818,397
20161110,6,8.3,80854,397
20161111,9.1,8,80854,397
20161114,13.2,5.6,80584,397
20161115,5.2,7.7,80584,397
20161116,5.2,12,80584,397
20161117,9.1,12.5,78719,397
20161118,10.3,9.7,78305,397
20161121,9.5,9.5,78128,397
20161122,2,10.5,78072,397
20161123,-1.8,8.4,77530,397
20161124,-2.5,8.6,79121,397
20161125,1,9.5,78530,397
20161128,1.4,7,78530,397
20161129,1.7,11.4,78530,397
20161130,6,9.1,78386,397
20161201,4.1,8,78335,634
20161202,1.6,11.4,78335,634
20161205,5.9,9.8,78024,634
20161206,-1.1,8.5,77945,634
20161207,1.7,10.2,78313,634
20161208,2.1,9.1,77943,634
20161209,1.4,7.1,77576,634
20161212,2.3,9.3,78511,634
20161213,3.4,9.2,78621,634
20161214,-1.4,2.2,78937,634
20161215,-5,6.1,79342,634
20161216,-4.7,9.8,78837,634
20161219,7.2,7.7,78474,634
20161220,7.6,9.2,78439,634
20161221,7.9,8.5,78439,634
20161222,5.5,9.5,78559,634
20161223,-2.5,5.9,77338,634
20161226,2.5,3.1,78428,634
20161227,-2.3,7.6,78972,634
20161228,-3.7,11,78972,634
20161229,-4.2,6.1,78774,634
20161230,-3.9,10.1,77974,634
20170102,5,7.4,77082,304
20170103,2,10,77613,304
20170104,3.9,7.9,77613,304
20170105,3.8,7.4,78877,304
20170106,5.4,8.9,78210,304
20170109,1.5,7.4,79254,304
20170110,-3.7,8.5,79892,304
20170111,-3.8,10.9,79892,304
20170112,-2.2,7.1,79603,304
20170113,-6,7.2,78229,304
20170116,-3.8,12.9,78586,304
20170117,-2,10.5,78884,304
20170118,-0.5,5.8,79073,304
20170119,-1.2,9.6,77370,304
20170120,-4.4,6.4,77378,304
20170123,-8.9,8.5,76908,304
20170124,-7,10.3,76908,304
20170125,-5.2,11.1,76513,304
20170131,-5.4,10.1,76403,304
20170201,-4,8.2,76236,350
20170202,-2.7,12.5,76386,350
20170203,1.5,9,76125,350
20170206,-1.7,7,75905,350
20170207,-2,8.6,76181,350
20170208,-2.2,5.5,75932,350
20170209,-5.3,5,78017,350
20170210,-6.6,6.8,78294,350
20170213,0.1,11.5,78878,350
20170214,0.3,10.5,78697,350
20170215,1.8,11.9,79192,350
20170216,5.5,12.2,78500,350
20170217,0.8,14.2,78237,350
20170220,-1.5,10.6,78446,350
20170221,-0.6,14.5,78770,350
20170222,1.7,3.8,78500,350
20170223,-1.5,6.3,78042,350
20170224,-0.8,10.2,78042,350
20170227,3.7,12.5,77236,350
20170228,5.6,13.6,77500,350
20170302,1.8,7.7,76889,615
20170303,3.3,13.5,77024,615
20170306,0.1,6.8,77754,615
20170307,-1.3,6.9,77608,615
20170308,-0.1,10.3,77376,615
20170309,3.2,13.4,76769,615
20170310,4.8,13.4,76308,615
20170313,6.9,10.7,77517,615
20170314,5.8,9.9,78515,615
20170315,6.3,12.9,78574,615
20170316,6.2,12.4,77900,615
20170317,7.7,14.5,77764,615
20170320,10.2,9.5,78264,615
20170321,7.4,8.3,78243,615
20170322,7.6,12.2,78542,615
20170323,9.1,9.9,78597,615
20170324,8.7,11.3,78180,615
20170327,6.1,6.5,78536,615
20170328,7.1,10.2,78731,615
20170329,8.8,9.7,79251,615
20170330,10.6,13,79224,615
20170331,8.6,7.5,79273,615
20170403,11.4,14.9,79038,492
20170404,14.1,15.1,78178,492
20170405,12,3.4,78067,492
20170406,10.4,3,78326,492
20170407,14.5,14.5,78326,492
20170410,16.5,13.2,78497,492
20170411,15.3,8.7,78297,492
20170412,11.5,7.6,78069,492
20170413,12.7,13.3,77424,492
20170414,13,7.6,77208,492
20170417,14.7,6.8,77308,492
20170418,11.7,8,78470,492
20170419,12.6,11.4,78470,492
20170420,12.9,8.3,79200,492
20170421,13.1,11.7,78757,492
20170424,15.1,13,79108,492
20170425,16,7.5,78667,492
20170426,15.1,9.7,79103,492
20170427,13.6,11.9,77917,492
20170428,14.4,12.6,77892,492
20170502,20.7,12.8,78054,241
20170504,21,12.7,77708,241
20170508,17.9,12.4,76720,241
20170510,16.4,6.6,76491,241
20170511,19.3,11.7,74750,241
20170512,19.1,4.3,74750,241
20170515,16,7.8,76911,241
20170516,17.1,9,77184,241
20170517,18.6,13.6,77373,241
20170518,20.4,13,77859,241
20170519,21.1,12.8,77859,241
20170522,21.8,12.1,78459,241
20170523,20,7.2,78459,241
20170524,21.8,10.9,78459,241
20170525,19.2,10,77569,241
20170526,17.7,10.8,77924,241
20170529,22.9,11.2,77865,241
20170530,23.6,11.7,77924,241
20170531,23.3,11.9,77224,241
20170601,23.3,7,76335,362
20170602,20.5,10.1,76669,362
20170605,24.2,13.9,76669,362
20170607,17.6,4.1,76539,362
20170608,20.1,10.8,77738,362
20170609,21.2,7.8,77035,362
20170612,22.1,11,77359,362
20170613,21.5,7.6,77468,362
20170614,21.8,9,77468,362
20170615,23.1,11.6,78113,362
20170616,25.5,12.7,78297,362
20170619,24.8,10.7,78981,362
20170620,26,12.7,78981,362
20170621,25.4,9.9,78981,362
20170622,25.3,9.2,78219,362
20170623,26.7,12.8,78025,362
20170626,23.1,9.8,78419,362
20170627,25.2,9.7,78864,362
20170628,26,8,79381,362
20170629,26.2,9.6,78462,362
20170630,25.9,8.7,77718,362
20170703,24.7,5.5,77700,269
20170704,26.7,7.8,77989,269
20170705,27.4,9.3,78267,269
20170706,27.6,10.7,78389,269
20170707,26.4,4,78389,269
20170710,24,2.8,79235,269
20170711,26,8.7,79235,269
20170712,27.1,6.2,79235,269
20170713,27.6,9,79757,269
20170714,28.7,6.9,79757,269
20170717,26.8,5,79765,269
20170718,26.5,6.8,79630,269
20170719,28.3,9.6,79251,269
20170720,29.9,8.9,79008,269
20170721,29.8,5.1,78756,269
20170724,26.2,1.7,79697,269
20170725,29.4,10.8,79697,269
20170726,28.7,8.6,79697,269
20170727,27.1,4.8,78853,269
20170728,25.5,2.1,78642,269
20170731,25.7,2.3,80127,269
20170801,28.6,8.9,80127,377
20170802,30,6.4,80486,377
20170803,30.2,6.7,79432,377
20170804,30.3,9.4,79227,377
20170807,29.2,8,79551,377
20170808,28.2,5.5,79551,377
20170809,27.6,7.4,79011,377
20170810,24.8,2.4,79887,377
20170811,27,8.5,79326,377
20170814,24.6,4,79738,377
20170816,23.3,6.3,79884,377
20170817,24.8,6.5,79592,377
20170818,26.3,6.7,79539,377
20170821,25.8,5.5,79928,377
20170822,27.3,8.1,79928,377
20170823,27.2,5.6,79038,377
20170824,26.5,4.2,79447,377
20170825,25.3,8.4,79462,377
20170828,21.5,8.2,80100,377
20170829,19.5,7,80371,377
20170830,19.8,7.8,81103,377
20170831,22.2,11,81108,377
20170901,23.3,12.6,80941,415
20170904,24.6,10.4,81811,415
20170905,21.9,3.3,82324,415
20170906,20.6,5.5,82324,415
20170907,22.4,9.7,81846,415
20170908,24.3,9.5,81630,415
20170911,21.2,6,81684,415
20170912,22.1,10.2,81884,415
20170913,21.4,11.6,81884,415
20170914,22.4,14.7,82262,415
20170915,22.6,10.1,82673,415
20170918,21.9,11.2,82457,415
20170919,22.6,5.7,82638,415
20170920,19.5,10.8,82414,415
20170921,20.3,12.8,81657,415
20170922,20.6,11.4,81435,415
20170925,23.4,12.7,81392,415
20170926,25.1,12,81484,415
20170927,22.7,7.4,82026,415
20170928,19.2,11.1,81959,415
20170929,17.4,12.3,81789,415
20171010,21.4,6.2,82371,293
20171011,15.5,9.5,82760,293
20171012,11.4,,84125,293
20171013,12.8,12.8,84264,293
20171016,16.6,8.4,84978,293
20171017,16.2,14.7,84924,293
20171018,16.5,4.9,84811,293
20171019,17,11.3,84712,293
20171020,17,13.1,84777,293
20171023,13.7,12,84789,293
20171024,14.4,11,84816,293
20171025,14.4,11.1,84546,293
20171026,14.5,7.4,83051,293
20171027,16.9,12.3,83162,293
20171030,7.7,10.7,83736,293
20171031,10.4,12.4,83645,293
20171101,14.4,6.6,84039,547
20171102,15.5,4,82153,547
20171103,12.3,10.5,82446,547
20171106,11.4,8.5,83753,547
20171107,14.4,9.2,84253,547
20171108,13.1,10.3,83918,547
20171109,9.4,13.1,81674,547
20171110,9.8,10.6,81305,547
20171113,8.4,8.7,81489,547
20171114,7.5,8.5,81674,547
20171115,3.2,7.6,81700,547
20171116,1,9.8,82911,547
20171117,3,7.4,82911,547
20171120,-0.4,8.1,82437,547
20171121,1.3,12.3,82395,547
20171122,4.3,10.2,82395,547
20171123,0.9,7.2,80517,547
20171124,-0.4,5.4,81011,547
20171127,2.5,12.4,80589,547
20171128,6.4,9.9,80206,547
20171129,3.2,9.9,80416,547
20171130,-2.4,7.9,81963,547
20171201,-2.2,10.7,81963,299
20171204,-1.2,10.6,82763,299
20171205,-4.2,7.8,82763,299
20171206,0.2,10.5,82605,299
20171207,0.7,8.1,81884,299
20171208,-3.8,6.6,82668,299
20171211,-7,8.5,83274,299
20171212,-9.4,7.1,83274,299
20171213,-8.7,7.6,83274,299
20171214,-6.6,9.3,83335,299
20171215,-3,8.4,83335,299
20171218,-1.6,9.2,83795,299
20171219,-3.9,5.5,83335,299
20171220,-3.9,8.4,83341,299
20171221,-0.9,10.2,83368,299
20171222,3.4,8.5,81479,299
20171226,-3.8,6.8,82032,299
20171227,-6.9,7.7,82032,299
20171228,-2.1,7.6,81479,299
20171229,2.1,6.4,80137,299
20180102,-1.8,6.1,80530,268
20180103,-4.7,6.7,80095,268
20180104,-4.7,8,80021,268
20180105,-3,7.2,80021,268
20180108,1.3,5.2,79505,268
20180109,-4.2,4.9,79505,268
20180110,-7.5,5.5,79505,268
20180111,-11.1,6.2,81782,268
20180112,-10.2,9.9,81566,268
20180115,4.7,5.9,81758,268
20180116,3.5,6.7,81713,268
20180117,4.5,6.3,81976,268
20180118,2.1,4.2,81958,268
20180119,1,8,81958,268
20180122,0.2,9.3,82711,268
20180123,-11.7,9.3,82884,268
20180124,-14.2,5.6,82249,268
20180125,-14,6.9,82545,268
20180126,-14.8,7.1,82545,268
20180129,-8.5,6.9,82249,268
20180130,-5.3,10.6,82249,268
20180131,-2.6,5.2,82249,268
20180201,-4,10,81833,219
20180202,-2.4,11.4,81833,219
20180205,-9.4,6.7,81833,219
20180206,-10.1,7,82197,219
20180207,-8,11.8,82197,219
20180208,-4.4,11.7,81934,219
20180209,0.4,11.4,82065,219
20180212,-5.8,7.8,82644,219
20180213,-0.8,11.7,82387,219
20180219,1.8,8.7,80008,219
20180220,0.9,7.9,79568,219
20180221,-0.9,8.9,78681,219
20180222,1.3,9.3,80382,219
20180223,4.2,8.9,80488,219
20180226,3.1,13.6,80431,219
20180227,4.2,6.3,80891,219
20180228,4.6,6,81508,219
20180302,-0.7,12.1,81973,299
20180305,5.5,10.1,81694,299
20180306,4.5,12,81694,299
20180307,6.4,8.5,81694,299
20180308,4.6,7,83405,299
20180309,4.5,8.2,83405,299
20180312,8,13.3,83865,299
20180313,12.4,13.6,83865,299
20180314,17,8.5,83865,299
20180315,12.4,8.2,81772,299
20180316,7.1,8.6,81022,299
20180319,8,4.2,81832,299
20180320,4.7,7.5,81832,299
20180321,2.1,4.2,81679,299
20180322,4.9,11,78744,299
20180323,6.1,10.7,78766,299
20180326,11,12.8,79300,299
20180327,13.3,12.3,79300,299
20180328,14,9.6,79232,299
20180329,15.4,9.3,78139,299
20180330,14.8,12.1,78566,299
20180402,18.4,8.8,79135,298
20180403,17.8,6.3,79167,298
20180404,13.4,8.7,79250,298
20180405,7.6,2.8,83062,298
20180406,5.8,5.6,82454,298
20180409,7.9,15.3,83074,298
20180410,15.1,15,83074,298
20180411,12.6,8.6,82426,298
20180412,13.3,12.8,81509,298
20180413,14.6,11,82009,298
20180416,11.6,13.9,82009,298
20180417,12.9,13.3,82009,298
20180418,12.4,13.1,82367,298
20180419,14,13.1,82453,298
20180420,18.4,15.3,82453,298
20180423,9.3,2.3,82894,298
20180424,12.1,7.2,82758,298
20180425,14.6,17.6,82758,298
20180426,14.9,12.1,79491,298
20180427,15.7,13.6,78397,298
20180430,19.2,10.9,78997,298
20180501,20.4,5.5,78997,372
20180502,15.1,11,79838,372
20180503,11.2,7.8,80275,372
20180504,14.1,11.2,78953,372
20180508,17.5,11.3,79395,372
20180509,15.7,12.6,79395,372
20180510,15.4,10.1,80250,372
20180511,16.1,9.4,80094,372
20180514,18.2,12.6,80144,372
20180515,23.2,13.9,79811,372
20180516,22.3,2.6,80144,372
20180517,20.9,4.7,79666,372
20180518,16.3,7.1,79758,372
20180521,17.8,12.4,79666,372
20180522,18.1,7.8,79666,372
20180523,17.3,9.7,79814,372
20180524,18.3,12.5,80982,372
20180525,19.7,12.4,81453,372
20180528,22.3,12.9,81074,372
20180529,21.4,6.8,81074,372
20180530,20.2,8.9,81074,372
20180531,20.9,13.4,78797,372
20180601,23.8,12.7,79558,383
20180604,22.6,8.6,80240,383
20180605,23.7,11.5,79770,383
20180607,22.2,11.6,81184,383
20180608,21.9,8.5,81184,383
20180611,20.2,5.9,81284,383
20180612,21.3,10.5,81284,383
20180613,22,8.7,81284,383
20180614,21.6,6.3,78929,383
20180615,21.7,9.8,78929,383
20180618,24.8,10.9,79356,383
20180619,22.4,8.1,79356,383
20180620,22.7,9.3,79356,383
20180621,23.7,9.3,80040,383
20180622,25,13.8,79771,383
20180625,27.1,11.6,78386,383
20180626,22.3,6.7,78386,383
20180627,22.3,6.4,77824,383
20180628,23.3,6.7,77386,383
20180629,24.7,7.2,78869,383
20180702,22.6,4.7,79522,746
20180703,27.4,10.1,80116,746
20180704,27.3,7.8,81008,746
20180705,25.3,5.6,83200,746
20180706,23.9,5.6,82950,746
20180709,20.8,4.1,82749,746
20180710,23.7,6.1,83006,746
20180711,26.8,5.1,83006,746
20180712,26.6,3.1,79861,746
20180713,27.3,6.2,79278,746
20180716,28.7,10,79000,746
20180717,28.1,8.2,79278,746
20180718,28.2,9.5,79000,746
20180719,28.7,10.9,80886,746
20180720,29.5,10.1,80686,746
20180723,31.7,6.5,81029,746
20180724,31.4,9.6,81029,746
20180725,30.1,6.4,80571,746
20180726,30.1,6.4,78364,746
20180727,30.9,8.2,78278,746
20180730,31.7,10.7,79848,746
20180731,32.6,10.5,78971,746
20180801,33.6,11.8,79400,389
20180802,33.7,7.6,79647,389
20180803,33.1,7.9,79353,389
20180806,30.5,7,79606,389
20180807,30.5,9.1,79156,389
20180808,31,7.7,78806,389
20180809,28.8,5.4,79485,389
20180810,30.7,11.1,78826,389
20180813,30.5,7.7,78577,389
20180814,31.7,9.5,78577,389
20180816,29.9,11.5,77997,389
20180817,27.2,12.1,78608,389
20180820,29.1,8.2,79340,389
20180821,26.6,7.6,79026,389
20180822,30.7,14.2,78847,389
20180823,29.4,6.5,79985,389
20180824,24.4,3.1,80691,389
20180827,22.7,4.7,81597,389
20180828,23.7,3.6,81597,389
20180829,25.2,4.7,81556,389
20180830,25.3,4.3,81059,389
20180831,25.6,7.5,80623,389
20180903,23.3,4.4,81558,173
20180904,23.2,7.8,81687,173
20180905,24,8.9,81742,173
20180906,24.1,7.3,80381,173
20180907,22,6.4,80090,173
20180910,22.9,9.8,81082,173
20180911,21.6,9.3,81280,173
20180912,22.8,11.4,80788,173
20180913,23.5,8,82994,173
20180914,23.5,6.5,82994,173
20180917,22.3,9.2,83347,173
20180918,22,8.8,83388,173
20180919,22.1,7.7,82894,173
20180920,19,2.3,80019,173
20180921,19.4,4.3,81139,173
20180928,17.5,7.9,82925,173
20181001,15.4,6.7,82925,495
20181002,15.9,11.7,82925,495
20181004,19.3,12.6,84800,495
20181005,16.9,3.3,84794,495
20181008,14.8,11.7,85400,495
20181010,12,8.8,85316,495
20181011,9.7,7.8,84994,495
20181012,10.9,12.2,83694,495
20181015,15.2,10.1,83569,495
20181016,14.5,10.4,83569,495
20181017,12.4,10.2,82950,495
20181018,12.7,11.5,84293,495
20181019,13.1,13.2,84583,495
20181022,14,11.8,85887,495
20181023,12.2,7.1,85887,495
20181024,12.5,11.1,86250,495
20181025,13.8,14.2,85118,495
20181026,12.2,4.8,85118,495
20181029,7.2,8.3,85270,495
20181030,6.1,10.9,85270,495
20181031,7.4,9.6,84444,495
20181101,8.4,12.7,83367,401
20181102,10.6,15,83562,401
20181105,11.9,11.7,84911,401
20181106,12.2,9.5,85397,401
20181107,12.8,5.4,85525,401
20181108,11.8,4.2,83688,401
20181109,12.1,5.9,82870,401
20181112,8.1,12,83609,401
20181113,8.8,11.3,83264,401
20181114,9.8,11.8,83264,401
20181115,9.7,11.5,80341,401
20181116,8.8,10.3,80429,401
20181119,6.5,8,80018,401
20181120,6.5,12.7,81106,401
20181121,5.8,5.1,80739,401
20181122,2.3,8.4,85154,401
20181123,1.9,10.7,85439,401
20181126,6.3,12,85166,401
20181127,7.1,9.4,85166,401
20181128,5,9,87651,401
20181129,3.5,6.1,87582,401
20181130,2.7,9.5,87582,401
20181203,11.5,4.2,87763,474
20181204,6.7,12.1,88191,474
20181205,0,7.7,88191,474
20181206,2.4,7.8,84915,474
20181207,-7.3,8.5,84915,474
20181210,-2.5,12.7,85072,474
20181211,0.2,5.3,85072,474
20181212,-1.9,7.4,85072,474
20181213,-2.2,8,83356,474
20181214,-4.4,8.4,82944,474
20181217,1.6,7.4,82944,474
20181218,2.6,10.2,81730,474
20181219,4,8.2,82161,474
20181220,3.4,11.5,81637,474
20181221,5.6,9.4,79666,474
20181224,-2.3,9,79666,474
20181226,-1.5,10.1,79637,474
20181227,-10.1,6,78585,474
20181228,-10.5,7.8,79858,474
20181231,-5.4,10,80827,474
20190102,-4.9,9,81074,529
20190103,-3.5,11.6,78215,529
20190104,-1.1,10.3,78215,529
20190107,-1.9,9.3,78215,529
20190108,-3.5,7.7,78215,529
20190109,-4.7,10.7,77676,529
20190110,-0.6,7.5,79882,529
20190111,2.4,7.6,79735,529
20190114,1.4,7.7,80061,529
20190115,-1.7,9.8,80088,529
20190116,-5.2,9,81400,529
20190117,-0.3,7.2,82174,529
20190118,0.6,11.3,82231,529
20190121,-1.2,10.9,82060,529
20190122,1.7,10.4,82712,529
20190123,2,7.8,82712,529
20190124,0.1,11.1,83091,529
20190125,-1.2,6.4,82889,529
20190128,1.2,6.9,83388,529
20190129,-0.2,12.6,83779,529
20190130,1.8,9.4,82194,529
20190131,-2,8.5,79467,529
20190201,-2.1,10.2,80015,336
20190207,-2.1,14.5,81985,336
20190208,-6.1,8.9,81133,336
20190211,-3,9.5,79825,336
20190212,-0.6,7.8,79075,336
20190213,-2.1,8.2,79500,336
20190214,-0.5,12.2,80632,336
20190215,-0.8,3.8,79665,336
20190218,0.9,10.6,81057,336
20190219,1.4,2.8,80474,336
20190220,1.7,4.6,78309,336
20190221,2.4,11.6,79725,336
20190222,4,12.4,79248,336
20190225,4.7,8.9,77745,336
20190226,5.2,13.5,78685,336
20190227,7.8,9.3,78888,336
20190228,6.6,10.8,79731,336
20190304,9.9,11.3,78418,457
20190305,8.4,7.3,78127,457
20190306,8.4,6.7,77821,457
20190307,7,9.6,77378,457
20190308,6.1,12.8,77066,457
20190311,6.6,6.5,76848,457
20190312,3.9,8.2,76350,457
20190313,3.5,8.9,76232,457
20190314,5,11.7,76875,457
20190315,5.5,9.7,78235,457
20190318,7.1,13,78944,457
20190319,10,13.3,79221,457
20190320,10.3,7.5,79097,457
20190321,7.1,9.2,79126,457
20190322,3.3,9,79274,457
20190325,7.3,8.6,79120,457
20190326,11.4,10.2,79606,457
20190327,11.6,7.3,79263,457
20190328,9.4,9,78491,457
20190329,9.2,9.6,78491,457
20190401,5.5,11,78491,589
20190402,6.7,11.7,78220,589
20190403,7.6,11.7,78963,589
20190404,9.2,12.7,78891,589
20190405,11.4,10.2,78406,589
20190408,11.6,9.6,78949,589
20190409,9.2,9.2,78949,589
20190410,7.1,5.5,78377,589
20190411,9.5,11.4,78143,589
20190412,11.4,12.9,77735,589
20190415,11.6,14.2,78000,589
20190416,14.9,15.8,78944,589
20190417,15.3,12.7,78944,589
20190418,12.6,5.8,78518,589
20190419,13.8,10.1,78270,589
20190422,19.3,17.5,78938,589
20190423,20.4,10.2,78938,589
20190424,19.5,10.1,77791,589
20190425,13.2,7.8,79426,589
20190426,8.4,3.7,79761,589
20190429,13,9,79628,589
20190430,15.5,13.5,79628,589
20190501,16.4,11,79628,396
20190502,17.1,14.7,77672,396
20190503,17.9,16,78035,396
20190507,15,13.5,77262,396
20190508,15.6,11.2,78047,396
20190509,16.6,11.2,78858,396
20190510,17.8,16.5,77886,396
20190513,18.7,7.3,79064,396
20190514,19.6,14,79974,396
20190515,20.7,13.2,80441,396
20190516,23.5,13.3,79492,396
20190517,23.6,10.7,79373,396
20190520,16.4,7.2,79838,396
20190521,17.2,12.1,79492,396
20190522,19.5,14.2,78978,396
20190523,22.1,14.2,80400,396
20190524,24.2,17.2,79109,396
20190527,17.8,8,80222,396
20190528,18.1,12.7,79944,396
20190529,20.3,13.2,79750,396
20190530,19.6,9.9,79657,396
20190531,19.1,7.2,79874,396
20190603,23.1,13.5,81154,532
20190604,22.6,11.4,81154,532
20190605,23,11.8,80706,532
20190606,21.2,6.5,80706,532
20190607,20,7.7,80385,532
20190610,18.4,6.2,80385,532
20190611,20.5,10.6,80385,532
20190612,21.5,10.3,81881,532
20190613,23,12.2,82217,532
20190614,23,9.3,82217,532
20190617,21.7,8.1,83076,532
20190618,20.8,7.8,83076,532
20190619,21.4,6.5,83209,532
20190620,22.7,8,81035,532
20190621,22.1,6.7,80630,532
20190624,25.2,10,80406,532
20190625,25.6,13.3,79308,532
20190626,25.5,8.8,79068,532
20190627,25.5,9.3,78711,532
20190628,24.7,6.7,78287,532
20190701,23.9,8.3,79069,360
20190702,24.4,9.3,79186,360
20190703,24.1,6.2,79722,360
20190704,25.4,12.8,80809,360
20190705,27.6,14.8,81463,360
20190708,25.1,9.8,83503,360
20190709,25,10.3,83648,360
20190710,22.7,8,83648,360
20190711,21.9,6.4,84444,360
20190712,23.6,8.7,83226,360
20190715,23.8,5.3,84538,360
20190716,24.7,7.4,84859,360
20190717,25.6,6.9,84794,360
20190718,26.9,8.8,84276,360
20190719,28.6,12.2,83591,360
20190722,26.7,6.8,84026,360
20190723,28.1,8.5,84706,360
20190724,26.5,2,84706,360
20190725,26.3,1.8,82506,360
20190726,25.1,2.2,81519,360
20190729,27.5,4.4,81711,360
20190730,28.1,4.5,81642,360
20190731,25.8,3.5,82568,360
20190801,26.3,6.6,83179,310
20190802,28.4,8.4,83912,310
20190805,30.5,10.3,84826,310
20190806,31.6,8.9,85089,310
20190807,26.9,6.4,84364,310
20190808,28.9,6.8,83421,310
20190809,29.8,8.6,83615,310
20190812,26.6,3.7,83823,310
20190813,29.2,10.2,83339,310
20190814,30.4,9.8,84263,310
20190815,25.9,4.7,84263,310
20190816,25.9,6.5,79594,310
20190819,26.3,10.1,79300,310
20190820,28.2,9.6,79394,310
20190821,27,6,80272,310
20190822,26.9,8.4,80271,310
20190823,26.2,7.8,81300,310
20190826,26.4,10.6,80881,310
20190827,25.7,7.1,81663,310
20190828,26.1,6.6,81850,310
20190829,23.4,6.3,84135,310
20190830,22.6,7.5,84135,310
20190902,24.4,10.3,83227,284
20190903,24.1,6,83777,284
20190904,22.8,4.3,84310,284
20190905,23,6.1,83371,284
20190906,25.3,7.5,83694,284
20190909,25.1,5.6,82503,284
20190910,23.8,4.4,83052,284
20190911,24.3,8.3,83052,284
20190916,24.5,9.8,86764,284
20190917,23.5,11,87764,284
20190918,21,9.4,88103,284
20190919,19.5,12.4,87839,284
20190920,19.6,8.4,88863,284
20190923,20,7.7,89352,284
20190924,19.8,12.6,89509,284
20190925,20.9,12.6,89509,284
20190926,22.9,11.3,88259,284
20190927,22.9,7.4,88259,284
20190930,22.4,13.5,88053,284
20191001,23.1,10.6,88600,607
20191002,21.6,4.2,88553,607
20191003,22.4,7.5,88553,607
20191004,22.4,9.8,89710,607
20191007,14.8,4.6,88220,607
20191008,14.7,9.2,88220,607
20191009,13.6,12.7,88220,607
20191010,15.2,9.1,89553,607
20191011,18.8,13.1,89553,607
20191014,14.4,10.1,90397,607
20191015,14.5,11.6,90541,607
20191016,14.6,11.8,89200,607
20191017,15.4,10.4,87643,607
20191018,17,10.7,87877,607
20191021,17.1,13.7,90031,607
20191022,18.1,11.1,89784,607
20191023,17,6.4,90129,607
20191024,18.3,8.5,90328,607
20191025,16.7,8.9,90935,607
20191028,12.9,10.3,91556,607
20191029,12.5,9.4,91090,607
20191030,11.2,12.7,91173,607
20191031,14.8,11.3,91397,607
20191101,14.9,9.1,90588,418
20191104,13.8,11.1,91520,418
20191105,12.4,10,91500,418
20191106,11,10.2,91500,418
20191107,9.2,8.6,89834,418
20191108,6.8,11.9,90021,418
20191111,11.2,7.2,90424,418
20191112,9.3,9.7,90317,418
20191113,7.2,8.3,90317,418
20191114,1.3,7.5,90114,418
20191115,5.6,6.2,89656,418
20191118,4.6,12.3,89656,418
20191119,0.2,7.5,89829,418
20191120,0.5,10.9,89339,418
20191121,4.2,11.3,91248,418
20191122,9.7,14.3,91050,418
20191125,1.9,7.2,90420,418
20191126,6.6,12.5,89859,418
20191127,3.1,6.5,90418,418
20191128,3.5,11,90110,418
20191129,1.5,10.3,89903,418
20191202,-0.1,6,91033,216
20191203,0.5,9.2,90485,216
20191204,2,9.2,89735,216
20191205,-4.4,8.3,88056,216
20191206,-5.9,9.6,88056,216
20191209,3.2,9.3,89277,216
20191210,8.1,4.8,89277,216
20191211,6.3,9.7,89368,216
20191212,-0.7,6.9,89139,216
20191213,2.1,9.6,86633,216
20191216,7.8,10.8,87510,216
20191217,7.7,7,88079,216
20191218,0.8,6.9,88310,216
20191219,-0.8,7.6,90312,216
20191220,-1.1,5.5,90130,216
20191223,3.4,4.9,90542,216
20191224,0.8,9.4,90188,216
20191226,2,6.5,90358,216
20191227,-1.7,7.2,90858,216
20191230,2.7,12.5,90384,216
20191231,-7.9,6.4,90094,216
20200102,1,4.5,89797,374
20200103,-0.1,8,89938,374
20200106,3.1,4,91100,374
20200107,6.3,3.5,91100,374
20200108,2.4,9.3,90632,374
20200109,-1.2,5.1,91730,374
20200110,-0.6,8.5,92135,374
20200113,-2.9,4.9,91905,374
20200114,-2.3,8.3,91986,374
20200115,-2.7,8.6,92943,374
20200116,-1.7,8.7,93608,374
20200117,-0.6,9.7,93617,374
20200120,0.7,8.8,94215,374
20200121,-0.4,11.1,94112,374
20200122,3,7.9,94112,374
20200123,4.6,9.9,93756,374
20200128,6.8,5.6,92543,374
20200129,6,6.4,93527,374
20200130,5.2,9,94590,374
20200131,3.9,7.5,94623,374
20200203,-0.4,5.9,95303,198
20200204,-1.6,9.9,95906,198
20200205,-8.3,6.1,95961,198
20200206,-6.4,12.2,93923,198
20200207,-1.7,9.4,92231,198
20200210,4,10.3,91979,198
20200211,6.8,15.1,92462,198
20200212,7.4,1.7,91943,198
20200213,6.5,3.8,90993,198
20200214,8.1,11.5,89757,198
20200217,-5.9,3.2,90248,198
20200218,-4.1,9.6,88752,198
20200219,1,10.8,89757,198
20200220,4.6,11.4,92632,198
20200221,6.7,8.8,93150,198
20200224,7,11.4,91526,198
20200225,6.7,4.7,91311,198
20200226,6.4,7.6,91311,198
20200227,6.1,11.2,91924,198
20200228,4.5,2.3,92393,198
20200302,3.4,7.6,92675,360
20200303,4.8,10.2,92086,360
20200304,2.2,5.9,93052,360
20200305,1.4,9.1,89696,360
20200306,3.7,12.6,91961,360
20200309,11.1,12.8,92287,360
20200310,6.4,7.6,92255,360
20200311,3.8,8.3,91247,360
20200312,6.8,13.1,90320,360
20200313,4.9,8.8,90261,360
20200316,3.6,11.2,91255,360
20200317,6.6,9.2,93669,360
20200318,10,14.3,93669,360
20200319,9.1,6.3,93465,360
20200320,8.8,10.9,93465,360
20200323,10.6,11.6,92157,360
20200324,11.4,12.6,92157,360
20200325,12.5,13.1,92157,360
20200326,14.8,12.5,94147,360
20200327,11.9,9.1,94147,360
20200330,10.2,12.6,93390,360
20200331,11.9,13.9,93797,360
20200401,11.3,11.4,93797,434
20200402,9.3,12.1,91846,434
20200403,10,11,91257,434
20200406,9.3,13.2,90507,434
20200407,10.6,10.8,90663,434
20200408,9.4,9,90659,434
20200409,8.9,10.4,94027,434
20200410,10.7,11,93320,434
20200413,12.4,16.1,94567,434
20200414,13,12,94500,434
20200416,16,14.9,93887,434
20200417,12.5,5,94750,434
20200420,10,5.5,95394,434
20200421,7.4,5.6,95706,434
20200422,6,4.2,95424,434
20200423,7.9,9.9,95273,434
20200424,9.9,10.2,94812,434
20200427,12.9,9.6,94774,434
20200428,13.9,12.1,94500,434
20200429,14.9,11.7,93333,434
20200430,17.1,14.1,93333,434
20200504,20.2,10.5,91346,361
20200505,16,6.2,91346,361
20200506,19.4,16.5,92571,361
20200507,20.7,11.6,92111,361
20200508,19.9,13,92552,361
20200511,16.5,9.6,93813,361
20200512,14.3,8.4,93790,361
20200513,16.1,11.6,93790,361
20200514,19.3,13,93152,361
20200515,16.1,6.1,94239,361
20200518,19.1,13.6,94852,361
20200519,13,7,94179,361
20200520,14.4,10.9,93130,361
20200521,17.4,12,94186,361
20200522,18.5,7.9,93871,361
20200525,16.6,7.6,93066,361
20200526,16.2,10.2,93124,361
20200527,17.4,12.1,94210,361
20200528,18.7,9.2,97110,361
20200529,20.7,13,97319,361
20200601,19.7,7.9,97455,532
20200602,17.9,7,98663,532
20200603,22,10.8,100029,532
20200604,21.9,6.8,101097,532
20200605,23,10.3,100238,532
20200608,25,12.2,98286,532
20200609,26.7,12.5,99211,532
20200610,25.8,9.6,99689,532
20200611,26.1,9.9,99263,532
20200612,24.7,6,99337,532
20200615,23,10.4,98872,532
20200616,24.4,10.7,100493,532
20200617,24.3,10.1,100048,532
20200618,23.4,7,99875,532
20200619,24.7,8.9,100003,532
20200622,28.6,13.7,100575,532
20200623,27.3,7.8,100575,532
20200624,22.3,6.4,100039,532
20200625,21.6,3.3,101974,532
20200626,21.8,6.5,101889,532
20200629,23.8,5.9,101503,532
20200630,20.1,4.7,102260,532
20200701,21.1,6.2,102517,406
20200702,24.2,9.4,101973,406
20200703,25.5,9,101397,406
20200706,25.6,9.1,101034,406
20200707,24.1,6,100870,406
20200708,25.5,9.1,100624,406
20200709,27.5,11.1,100117,406
20200710,24.5,5,99657,406
20200713,18.7,4,99657,406
20200714,20.3,7.1,100371,406
20200715,23.4,9.8,100142,406
20200716,25,9.3,100925,406
20200717,26,10.1,100925,406
20200720,23.8,4.2,101406,406
20200721,25,9.1,100761,406
20200722,23.7,3.1,100020,406
20200723,21.1,4.1,99633,406
20200724,22.5,8.1,99325,406
20200727,24.3,2.6,99856,406
20200728,24.4,3.7,100896,406
20200729,23.7,2.3,100107,406
20200730,25.3,5,98693,406
20200731,26.2,6.8,98437,406
20200803,25,2.4,98903,202
20200804,27,4.4,99537,202
20200805,26.5,3.6,99146,202
20200806,24.1,3.1,99410,202
20200807,24.3,3.5,100521,202
20200810,26.5,4.8,99638,202
20200811,24.6,4.9,99809,202
20200812,27.2,7.8,99506,202
20200813,28,4,102146,202
20200814,27.1,1.5,101803,202
20200817,28.2,6.1,101803,202
20200818,27.5,7.9,101474,202
20200819,27.1,7.8,102441,202
20200820,27.7,6.7,101348,202
20200821,26.6,4,100693,202
20200824,27.8,8.3,100797,202
20200825,29.9,8.5,101737,202
20200826,30.2,7.5,101452,202
20200827,27.1,3,100744,202
20200828,27.3,3.7,98448,202
20200831,26.4,6.2,97411,202
20200901,26.6,5.7,97964,398
20200902,24.3,3.8,99735,398
20200903,22.7,5.6,98968,398
20200904,23.3,7.6,100596,398
20200907,19.2,3.1,99845,398
20200908,23.4,5.9,99845,398
20200909,21.1,6.3,100293,398
20200910,22.8,8.2,101803,398
20200911,22.4,7.9,101835,398
20200914,21.3,7.3,101890,398
20200915,23,8.8,101520,398
20200916,22.5,3.6,101159,398
20200917,21.3,3.5,101277,398
20200918,21.5,7.7,101277,398
20200921,19.1,11.7,102752,398
20200922,20.2,10.1,103327,398
20200923,19.2,8.6,103933,398
20200924,20.6,8.6,104347,398
20200925,20.1,8.8,104894,398
20200928,20.7,10.8,104747,398
20200929,19.6,8.6,104188,398
20201002,19.2,5.6,104188,354
20201005,13.3,9.9,104077,354
20201006,14.2,10.4,104048,354
20201007,16,12.1,104048,354
20201008,17.2,11,103015,354
20201012,16.2,9.2,101315,354
20201013,13.6,9.8,101573,354
20201014,12.8,9.5,100496,354
20201015,11.7,12,100496,354
20201016,11.8,6.8,99381,354
20201019,15.1,11.5,99381,354
20201020,15.2,11.8,100696,354
20201021,14.1,5.5,100696,354
20201022,13.5,9.8,100532,354
20201023,8.6,7.9,100291,354
20201026,12.9,11,100291,354
20201027,14,10.4,101117,354
20201028,13.8,9.6,100641,354
20201029,10.8,10.6,102512,354
20201030,11.9,13.8,100412,354
20201102,10.8,7.7,103225,309
20201103,5.1,5.9,104386,309
20201104,4.9,10.6,104386,309
20201105,9.6,12.5,103723,309
20201106,13.5,7.3,103252,309
20201109,5.5,8.2,103956,309
20201110,7.7,9.4,103956,309
20201111,9.3,13,104548,309
20201112,10.4,13.1,104779,309
20201113,12.2,9.1,105097,309
20201116,12.4,10.8,104310,309
20201117,15.9,8.3,104310,309
20201118,16.6,3.9,104310,309
20201119,13.6,12.2,104355,309
20201120,2.8,6.7,103206,309
20201123,1.7,7.4,103794,309
20201124,2.9,6.2,104593,309
20201125,4.6,9.5,103794,309
20201126,5.6,9,102445,309
20201127,4.1,7.1,101510,309
20201130,-0.2,7.9,101900,309
20201201,1.1,10.3,101727,182
20201202,2.4,5.6,102613,182
20201203,0.7,6.5,102473,182
20201204,-0.6,9,102473,182
20201207,3.4,7,102579,182
20201208,-0.5,7.6,102523,182
20201209,1.5,10.3,102381,182
20201210,5.8,6.1,102600,182
20201211,5.3,6.8,101531,182
20201214,-7.7,4.7,101909,182
20201215,-8.3,6.5,102600,182
20201216,-8.3,7.3,101297,182
20201217,-4.9,11.9,100421,182
20201218,-2.1,8.2,100207,182
20201221,-1,10.7,100373,182
20201222,2,9.7,101760,182
20201223,4.5,8.9,101134,182
20201224,2.6,8.1,98115,182
20201228,6.7,7.2,97438,182
20201229,0.1,10.5,98756,182
20201230,-10.9,6.7,98154,182
20201231,-8.9,7.9,98811,182
20210104,-3.5,8.7,101847,222
20210105,-5.5,7.8,101347,222
20210106,-7.4,10.1,102159,222
20210107,-14.5,8.1,101397,222
20210108,-14.9,7.9,100778,222
20210111,-6.7,5.6,101294,222
20210112,-3.9,8.8,100870,222
20210113,2,11.3,101210,222
20210114,1.7,10.6,102550,222
20210115,4.5,10.6,102274,222
20210118,-3.8,9.3,103266,222
20210119,-6.3,11.4,103266,222
20210120,-0.1,13.7,103266,222
20210121,4.5,4.5,101816,222
20210122,5.5,1.8,100154,222
20210125,7.9,10.9,100976,222
20210126,5.3,5.7,100011,222
20210127,1.7,8.3,100115,222
20210128,-2.6,11.1,99076,222
20210129,-8.8,6.7,99076,222
20210201,5,11.8,99140,213
20210202,-5.6,5.8,100226,213
20210203,-3.2,10.8,100781,213
20210204,-3.6,8.1,101448,213
20210205,1.4,11.1,101448,213
20210208,-3.1,5.6,100604,213
20210209,-0.9,10.8,99028,213
20210210,3.4,8.7,99642,213
20210215,1.2,13.4,98381,213
20210216,-5.1,5.7,99987,213
20210217,-8.3,5.2,100519,213
20210218,-5.8,10.2,99705,213
20210219,1.6,16,101378,213
20210222,7.8,12.2,100814,213
20210223,0,7.4,101723,213
20210224,2.9,13.1,101723,213
20210225,4.2,7.5,102746,213
20210226,8.2,15.3,100413,213
20210301,4.7,8.5,100413,197
20210302,2.3,6.7,102004,197
20210303,4.4,11.1,101356,197
20210304,7.2,10.5,101619,197
20210305,9,13.2,102070,197
20210308,7,12.4,102070,197
20210309,6.6,10.1,101316,197
20210310,8.8,15.4,101676,197
20210311,10.2,12.4,101250,197
20210312,10.5,7.7,101663,197
20210315,10.6,10.6,101663,197
20210316,8.4,8.2,102104,197
20210317,8.8,15.7,102134,197
20210318,11.7,13.4,101461,197
20210319,15.3,8.8,101590,197
20210322,6.2,10,103084,197
20210323,9.1,13.9,102223,197
20210324,10.8,11.2,100472,197
20210325,11.9,12.2,100604,197
20210326,12.6,15.8,100604,197
20210329,10.2,7.3,100900,197
20210330,10.8,14.1,100363,197
20210331,14.5,17,100363,197
20210401,17.7,12,98446,504
20210402,17.8,10.5,98479,504
20210405,11.9,13.9,99291,504
20210406,13.9,9.8,98820,504
20210407,14.1,12.3,100072,504
20210408,13,10.8,98424,504
20210409,13.6,12,97424,504
20210412,13.8,5.9,98424,504
20210413,10.4,7.8,97154,504
20210414,8.4,10.2,96508,504
20210415,11.6,12,99393,504
20210416,11.3,6.7,103052,504
20210419,12.2,13.6,103090,504
20210420,14.8,13.9,103653,504
20210421,19.1,17.9,101483,504
20210422,20.9,11.4,99416,504
20210423,19,4.7,99496,504
20210426,16.2,8.3,100116,504
20210427,15.4,7.5,102063,504
20210428,14.5,7,99704,504
20210429,14.6,9.2,102890,504
20210430,11.3,6,103213,504
20210503,14.1,11.9,103350,585
20210504,13.8,4.4,103350,585
20210505,13.9,8.1,103350,585
20210506,15.7,15.2,101766,585
20210507,14.4,6.5,98204,585
20210510,13.2,2.9,99628,585
20210511,18.5,16.3,99572,585
20210512,22,10.8,98814,585
20210513,22.9,13,101704,585
20210514,24.1,12.8,102711,585
20210517,15.3,2.5,101658,585
20210518,17.9,10.9,100964,585
20210519,19.9,14.2,100964,585
20210520,18.7,7.3,98550,585
20210521,16,4,98550,585
20210524,19.4,8.1,99848,585
20210525,15.3,7.4,101204,585
20210526,18,11.5,102171,585
20210527,15.8,4.8,99613,585
20210528,15.3,7.3,101288,585
20210531,19.9,7.3,102462,585
20210601,20.2,8,102462,478
20210602,23.2,13.1,100807,478
20210603,19.1,8.1,103129,478
20210604,18.5,10.3,103129,478
20210607,21.1,4.6,103774,478
20210608,23.6,10.7,103774,478
20210609,25.8,12.1,103834,478
20210610,24.9,9.3,101493,478
20210611,21.5,4.5,100445,478
20210614,24.8,11.3,103170,478
20210615,22.5,3.8,102664,478
20210616,24.3,8.6,100031,478
20210617,21.9,5.4,97427,478
20210618,20,2.4,98148,478
20210621,23.6,9.3,100757,478
20210622,22.8,8.9,101058,478
20210623,22.4,9.1,101058,478
20210624,23,9.5,99529,478
20210625,24.1,10,100456,478
20210628,23.7,8.2,103543,478
20210629,23.9,7.1,103543,478
20210630,24.3,7.8,103207,478
20210701,26.3,9.6,102787,328
20210702,27.1,8.2,103239,328
20210705,23.3,6.8,102693,328
20210706,25.3,9.1,102296,328
20210707,26.4,5.2,102826,328
20210708,26,6,103630,328
20210709,25.5,5.6,103893,328
20210712,28.1,8.7,105131,328
20210713,28.8,5.2,105650,328
20210714,29.7,7.4,104834,328
20210715,29.1,8.6,98167,328
20210716,28.8,11,97173,328
20210719,26.4,6.5,97531,328
20210720,27.9,8.2,98221,328
20210721,30.5,10,98300,328
20210722,31.2,9.4,99846,328
20210723,31.2,8.6,98421,328
20210726,31.2,8,100343,328
20210727,31.1,7.9,100343,328
20210728,30.4,7.6,100343,328
20210729,29.6,6.3,95163,328
20210730,30.5,9.6,95516,328
20210802,26.5,3.6,95163,375
20210803,28,7.3,95916,375
20210804,28.9,6.9,95758,375
20210805,29.4,8.1,97181,375
20210806,28.1,6.2,97181,375
20210809,28.3,10.3,96932,375
20210810,27.7,7.9,97588,375
20210811,27.4,7.5,98088,375
20210812,26.8,7.7,101823,375
20210813,26.6,6.7,100881,375
20210816,27.3,10.3,100881,375
20210817,25.9,9.4,100958,375
20210818,24.3,10.4,100343,375
20210819,26,10.5,100091,375
20210820,26.6,8.1,99429,375
20210823,22.4,3,100510,375
20210824,23.4,5.3,100510,375
20210825,25,3.8,101110,375
20210826,25.5,5,100179,375
20210827,22.4,5.1,100926,375
20210830,24.2,6.5,100926,375
20210831,20.5,5,101079,375
20210901,21.4,5.4,100715,293
20210902,23.5,6,102923,293
20210903,24.3,8.6,102882,293
20210906,22.3,8.4,101380,293
20210907,19.6,3.3,101465,293
20210908,22.2,7.9,99935,293
20210909,23.5,10,98315,293
20210910,23.6,9.4,98315,293
20210913,24.8,9.5,100156,293
20210914,24.6,9.5,103696,293
20210915,23.6,9.4,105308,293
20210916,22.9,9.3,104448,293
20210917,23.5,7.7,104205,293
20210923,20.9,9,103345,293
20210924,21.8,10.2,102385,293
20210927,21.6,6.3,105342,293
20210928,21.5,4.8,106315,293
20210929,20.2,3.6,107481,293
20210930,20.3,9.9,109146,293
20211001,21.1,10.6,108521,274
20211004,22.9,6.4,108521,274
20211005,23.6,4.8,109578,274
20211006,18.8,3.8,110432,274
20211007,19.4,4,109125,274
20211008,18.8,2.5,110408,274
20211011,15.2,5.2,110408,274
20211012,17.9,5.5,112068,274
20211013,19.6,10.3,111789,274
20211014,19.7,6.5,111744,274
20211015,19,4.4,110796,274
20211018,9.6,13.3,111844,274
20211019,10.9,7.9,111492,274
20211020,9.5,11.2,111017,274
20211021,9.8,11.3,110896,274
20211022,10.8,12,112172,274
20211025,11.7,11.3,113196,274
20211026,13,11.3,112613,274
20211027,13.4,8.3,111340,274
20211028,12.7,12.9,108976,274
20211029,14.6,10.1,109689,274
20211101,12.9,6.6,107727,264
20211102,11.5,9,109504,264
20211103,12.1,9.5,111152,264
20211104,12.1,7.9,110774,264
20211105,13,12.4,110774,264
20211108,8.6,11,110996,264
20211109,4.9,3.5,111070,264
20211110,4.2,7,111548,264
20211111,5.3,7.6,109648,264
20211112,4.5,7.3,109804,264
20211115,10.1,9.9,109884,264
20211116,8.5,9.2,109852,264
20211117,7.5,9.8,109612,264
20211118,11.9,8.5,100976,264
20211119,12.9,6.5,100976,264
20211122,2.7,8.1,100130,264
20211123,-0.6,6,98845,264
20211124,4.1,11.7,99649,264
20211125,5.7,7.3,107114,264
20211126,2.9,7.7,105446,264
20211129,7.6,11.2,105704,264
20211130,5.7,8.2,107383,264
20211201,-1.3,4.5,106504,294
20211202,1.3,9.6,107235,294
20211203,1.9,6.4,107235,294
20211206,5.4,12.8,106987,294
20211207,6.8,10.7,107604,294
20211208,6.7,11.4,108654,294
20211209,6.5,7,107823,294
20211210,7,2.4,107384,294
20211213,-2.2,7.8,108754,294
20211214,3.7,8.9,109046,294
20211215,7.2,4.6,108942,294
20211216,6.4,6.5,107936,294
20211217,-5.6,13.3,108505,294
20211220,5.2,12,107300,294
20211221,5.2,8.1,108035,294
20211222,2.2,10.8,107300,294
20211223,2.7,9.8,110704,294
20211224,-0.3,10.5,109576,294
20211227,-7.6,9,109225,294
20211228,-4.1,7.6,110865,294
20211229,0.4,9.7,112019,294
20211230,-3.9,7,111396,294
20211231,-6.7,4.9,111396,294
20220103,-1.9,10.5,111980,274
20220104,-2.5,6.6,112090,274
20220105,-2.8,9.7,111780,274
20220106,-2.2,9.2,111800,274
20220107,-1.6,10.4,111990,274
20220110,0.5,7.8,112010,274
20220111,-7.4,10.6,112180,274
20220112,-7.7,7.9,111940,274
20220113,-6.4,5.8,112270,274
20220114,-4.8,11.4,111880,274
20220117,-5.8,9.3,112490,274
20220118,-5.6,9.2,113150,274
20220119,-5.3,5,113200,274
20220120,-5,10.7,113030,274
20220121,-2.7,13.3,112280,274
20220124,4.6,7.1,112640,274
20220125,2.8,2.6,112740,274
20220126,1.3,8.7,112860,274
20220127,-1.1,8.6,113150,274
20220128,-2.7,8,108320,274
20220203,-3.4,7.3,108400,221
20220204,-5.2,7.5,109910,221
20220207,-2.5,9.2,109780,221
20220208,-0.1,9.7,109670,221
20220209,1,11.5,109750,221
20220210,1.4,9.9,109740,221
20220211,2.9,11.4,109670,221
20220214,2.5,9.4,109790,221
20220215,-4.7,6.4,109750,221
20220216,-7.3,5.5,109650,221
20220217,-6.2,10.2,109460,221
20220218,-1.2,13.7,109830,221
20220221,-3,11.7,109980,221
20220222,-4.5,8.5,109810,221
20220223,-5.6,9.4,109660,221
20220224,-2.4,12.2,109870,221
20220225,3,12,109360,221
20220228,6.8,8.8,109240,221
20220301,5.8,9.4,109210,428
20220302,3.5,11.1,109170,428
20220303,5.8,11.5,109160,428
20220304,6.9,14,109460,428
20220307,2.8,11.4,109470,428
20220308,6,11.2,109400,428
20220309,7.1,13.1,109480,428
20220310,9.3,11.6,109420,428
20220311,11.2,13.3,109000,428
20220314,8.2,8.3,108510,428
20220315,7.2,11,109100,428
20220316,10.3,13.2,108930,428
20220317,10.7,7.3,108680,428
20220318,7.5,4.1,110870,428
20220321,5,11.2,110310,428
20220322,7.1,12.5,110170,428
20220323,6.2,3.3,110290,428
20220324,8.2,8.5,109940,428
20220325,12,10.9,110240,428
20220328,8.2,13.6,110520,428
20220329,9.7,12.3,110490,428
20220330,10.8,9.8,110150,428
20220331,10.9,7.1,109870,428
20220401,9.2,10.4,109310,335
20220404,10.3,11.3,108840,335
20220405,10.3,10.9,108650,335
20220406,11.7,9,108850,335
20220407,10.9,8.3,108700,335
20220408,12.9,14.9,106900,335
20220411,19.6,13.2,107230,335
20220412,19.3,10.5,107230,335
20220413,13.1,3.9,107060,335
20220414,13.2,3.9,107170,335
20220415,13.3,11.8,110080,335
20220418,15.2,10.2,110170,335
20220419,15.2,13.2,110160,335
20220420,15.7,12.4,109980,335
20220421,16.3,13.1,110150,335
20220422,15,3.6,110300,335
20220425,20,6.6,110260,335
20220426,21.9,11.7,110310,335
20220427,17.7,11.3,110330,335
20220428,18.2,14.3,110060,335
20220429,13.4,5.8,110310,335
20220502,14.2,10.3,109970,286
20220503,14.8,11.7,110050,286
20220504,17.8,15.2,110160,286
20220505,18.9,13.3,110240,286
20220506,19.6,11.9,104150,286
20220509,17.9,14.3,103700,286
20220510,19.9,12.7,103470,286
20220511,19.7,8.6,103690,286
20220512,20.9,14,103550,286
20220513,19.4,10.2,105590,286
20220516,17.3,12.8,105590,286
20220517,20,14.4,105530,286
20220518,20,9.7,105590,286
20220519,19.9,8.1,105450,286
20220520,20.6,10.2,105420,286
20220523,23,12.9,108830,286
20220524,22.9,13.5,108750,286
20220525,21,10,108640,286
20220526,18.7,9.4,108610,286
20220527,20,9.6,108870,286
20220530,20.8,7.5,106160,286
20220531,20.7,13,106010,286
20220602,21.5,9.8,106020,243
20220603,24.5,13.9,102850,243
20220606,19.7,7.8,102900,243
20220607,20.6,10,102690,243
20220608,21.2,9.6,102800,243
20220609,20.9,6,102580,243
20220610,20.9,9.4,105690,243
20220613,23.6,9.6,105590,243
20220614,21.5,9.4,105520,243
20220615,17.5,5.2,105500,243
20220616,20.3,7.2,105440,243
20220617,22.5,11.6,104010,243
20220620,25.2,7,103700,243
20220621,26.5,11.4,103630,243
20220622,25.9,9.1,103730,243
20220623,24.3,3.1,103680,243
20220624,22.6,4.3,108460,243
20220627,26.8,2.7,108440,243
20220628,26.9,2.2,108630,243
20220629,25.1,1.7,108580,243
20220630,22.3,3.3,108850,243
20220701,26.6,9,104930,201
20220704,29.3,6.2,104740,201
20220705,29.2,6.4,104760,201
20220706,29.5,7.1,104850,201
20220707,28.2,4.6,104640,201
20220708,25.8,3.9,104740,201
20220711,27,5.9,104630,201
20220712,26.8,6.2,104650,201
20220713,25,3.1,104670,201
20220714,25.7,6.6,105060,201
20220715,26,7.3,103170,201
20220718,26.8,7,103150,201
20220719,27.4,6.8,103110,201
20220720,27.1,6.1,102910,201
20220721,23.2,4.4,102630,201
20220722,25.1,4.6,105070,201
20220725,27.5,8.4,105120,201
20220726,28.9,8.7,105150,201
20220727,29.3,7,105160,201
20220728,29.7,9.3,105000,201
20220729,30.7,7,99890,201
20220801,28.6,7,99770,209
20220802,26.8,3,99940,209
20220803,27.1,4.8,99900,209
20220804,28.9,6.9,99940,209
20220805,29.4,5.7,104950,209
20220808,26.8,,105010,209
20220809,25.1,4.5,105230,209
20220810,24.7,7.4,105140,209
20220811,25,4.1,105200,209
20220812,27,9.4,102850,209
20220815,28.1,3.2,102720,209
20220816,26.7,5.9,102670,209
20220817,26,7.7,102560,209
20220818,25.6,7.4,102550,209
20220819,26,4.2,102530,209
20220822,26.8,7.3,102430,209
20220823,25.4,7.8,102380,209
20220824,24.8,5.5,102400,209
20220825,22.2,2.9,102300,209
20220826,23.8,8.5,98540,209
20220829,21,3,98630,209
20220830,19.1,2.4,98590,209
20220831,21.7,5.3,98590,209
20220901,24,12.1,98640,213
20220902,24.7,9.5,99430,213
20220905,19.2,5,99680,213
20220906,21,9.3,99790,213
20220907,22.8,10.2,99860,213
20220908,23.2,12.8,101720,213
20220912,23.8,7.2,101490,213
20220913,24.3,4.6,101430,213
20220914,24.6,5.2,101400,213
20220915,25.2,6.3,101370,213
20220916,25.7,6.5,99400,213
20220919,24.6,10.1,99610,213
20220920,19.9,8.5,99690,213
20220921,19.4,12.6,99810,213
20220922,19.8,10.5,99930,213
20220923,17.5,7.5,101550,213
20220926,20,10.6,101610,213
20220927,20.9,14,101580,213
20220928,20.4,10,101640,213
20220929,20.4,10.1,101610,213
20220930,20.7,12.9,103410,213
20221003,21.4,5.9,103360,144
20221004,17.9,8.8,103390,144
20221005,16.6,7.5,103410,144
20221006,15.8,6.4,103290,144
20221007,14.3,7.6,103670,144
20221010,9.9,3.7,103730,144
20221011,11.1,9,103660,144
20221012,13.5,14.1,103610,144
20221013,16.3,12,103650,144
20221014,17.1,10.6,108510,144
20221017,11.2,7.7,108510,144
20221018,9.4,9.2,108390,144
20221019,10.5,12.4,108320,144
20221020,12.9,13.7,108290,144
20221021,14,12.1,108420,144
20221024,10.6,7.3,108590,144
20221025,11.3,11.7,108570,144
20221026,12.9,9.8,108610,144
20221027,13.2,10.3,108510,144
20221028,13.6,12.4,98380,144
20221031,14.9,9.9,98140,144
20221101,13.1,8.4,98220,225
20221102,11.1,12.4,97950,225
20221103,9.3,7.8,97950,225
20221104,4.9,8.2,97900,225
20221107,11.4,10.5,97850,225
20221108,12.9,8.2,97840,225
20221109,11.4,9.3,97720,225
20221110,13.5,10.3,97840,225
20221111,15.6,11.2,107800,225
20221114,9.7,7.9,107820,225
20221115,8.1,8.3,107800,225
20221116,8.5,7.5,107900,225
20221117,10.2,11.2,107880,225
20221118,11,12.8,103100,225
20221121,11.8,6.9,102930,225
20221122,10.7,6.7,102750,225
20221123,10.8,8.4,102670,225
20221124,9.4,8.2,102590,225
20221125,12.3,10.7,107220,225
20221128,12.3,7.5,107130,225
20221129,6.9,16.6,107130,225
20221130,-5.4,6.5,107030,225
20221201,-5.4,8.2,106920,388
20221202,-2.5,10.6,98660,388
20221205,-3.1,8.9,98330,388
20221206,0.9,9.2,98260,388
20221207,4.9,7.8,98050,388
20221208,3.7,9,98090,388
20221209,4.5,9.3,100740,388
20221212,2,8.3,100750,388
20221213,0,9.5,100610,388
20221214,-8.4,6.1,100600,388
20221215,-4.5,7.2,100720,388
20221216,-6.3,7.4,99950,388
20221219,-7,9.5,99740,388
20221220,-3.2,12.4,99670,388
20221221,-0.1,5.2,99670,388
20221222,-7.8,8.7,99740,388
20221223,-11.8,5.1,98950,388
20221226,-3.9,9.6,98860,388
20221227,-2.6,10.6,98780,388
20221228,-3.3,6.1,98620,388
20221229,-2.9,9.9,98670,388
20221230,-1.8,6.7,98280,388
20230102,-4.5,7,98120,177
20230103,-5,9.6,98030,177
20230104,-1.8,9,98040,177
20230105,-1.6,9.2,98040,177
20230106,0.6,10.4,96720,177
20230109,3.1,8.3,96640,177
20230110,1.6,13,96570,177
20230111,2.6,11.2,96560,177
20230112,5.9,13.1,96440,177
20230113,8.3,5,98550,177
20230116,-4.6,5.6,98640,177
20230117,-3.7,6.6,98590,177
20230118,-1.9,6.8,98490,177
20230119,-0.4,10.3,98550,177
20230120,-3.3,9.7,96670,177
20230123,-0.8,11.5,96700,177
20230124,-14.7,10.1,96690,177
20230125,-11.3,11.9,96770,177
20230126,-6,5.5,96550,177
20230127,-7.3,5.8,97330,177
20230130,-0.9,8.6,97150,177
20230131,2.4,11.3,97210,177
20230201,0.9,9,97130,208
20230202,-2.4,6.5,97220,208
20230203,-1.6,7.3,97200,208
20230206,3,10.5,96790,208
20230207,3.5,10.1,96640,208
20230208,2.1,9.1,96360,208
20230209,4,12.7,95960,208
20230210,3.8,5.1,91410,208
20230213,5.9,5.7,90850,208
20230214,1.7,9.1,94640,208
20230215,3.2,10.1,94570,208
20230216,2.3,5.2,94220,208
20230217,3.4,11.3,93960,208
20230220,-0.5,5.9,94830,208
20230221,-1.3,10.1,94810,208
20230222,1.2,12.9,94610,208
20230223,2.9,11,94340,208
20230224,3.5,8.9,92700,208
20230227,4.4,14.2,92540,208
20230228,4.3,9.4,92460,208
20230301,6,6.1,92530,287
20230302,2.2,8.4,92510,287
20230303,4.6,12.3,92600,287
20230306,9.2,14.3,92430,287
20230307,11.7,13.1,92430,287
20230308,12.5,10.3,92420,287
20230309,10.3,5.7,92390,287
20230310,13.5,16,92630,287
20230313,2.9,9.5,92350,287
20230314,9.2,12.1,92290,287
20230315,8.6,10.9,92430,287
20230316,4.6,8.6,92300,287
20230317,7.2,12,92300,287
20230320,9.5,14.5,91930,287
20230321,13,17.2,92060,287
20230322,17,15.9,91960,287
20230323,17.4,11,91910,287
20230324,12.5,10.7,91720,287
20230327,7.3,12.6,87960,287
20230328,9.2,12.9,88000,287
20230329,11.8,14.6,88040,287
20230330,13.3,14.8,88030,287
20230331,15,16.4,88180,287
20230403,19,14.6,88130,224
20230404,17.6,9,88170,224
20230405,11.9,6.2,88090,224
20230406,8.8,2.3,87980,224
20230407,8.9,11.1,87860,224
20230410,13.2,12.9,91300,224
20230411,13.1,8.2,91370,224
20230412,10.1,10.5,91560,224
20230413,11.9,12.1,91530,224
20230414,16.2,9.4,91580,224
20230417,13.1,11.3,91580,224
20230418,14,7.7,91260,224
20230419,19.1,16.9,91270,224
20230420,15.8,4.4,91660,224
20230421,16.7,11.4,90830,224
20230424,15.8,9.8,94720,224
20230425,10.9,4.2,94650,224
20230426,10.2,6.1,94710,224
20230427,12.9,14.9,94730,224
20230428,15.7,12.3,94810,224
20230501,14.6,11,94630,290
20230502,16.7,14.6,92940,290
20230503,19.5,13.8,93030,290
20230504,21.4,10.2,88290,290
20230508,15.3,14.1,92740,290
20230509,17,14.4,92850,290
20230510,18.4,15.3,92730,290
20230511,19.5,13.9,92860,290
20230512,18.4,11.6,93000,290
20230515,20.6,15.1,92830,290
20230516,24,14,92780,290
20230517,23.5,10.1,92640,290
20230518,21.2,8.8,92680,290
20230519,22.3,11.1,92530,290
20230522,20.3,10.9,92660,290
20230523,20.5,12.8,92680,290
20230524,20.6,11.1,92710,290
20230525,21.2,11.7,92870,290
20230526,21.4,11.5,91340,290
20230529,23.2,9.5,91280,290
20230530,24,8.4,91280,290
20230531,22.8,9.4,91350,290
20230601,22.8,6.6,91230,172
20230602,20.4,7.1,91350,172
20230605,21.5,8.7,91390,172
20230606,20.3,7.9,91350,172
20230607,21.4,6.8,89550,172
20230608,20.4,5.6,89360,172
20230609,23.3,10.1,95680,172
20230612,22.2,9.1,95490,172
20230613,22,6.8,95540,172
20230614,20.6,7.5,95540,172
20230615,22.7,10.6,95500,172
20230616,23.7,9.8,95440,172
20230619,28.5,10.7,95310,172
20230620,24.7,5,95120,172
20230621,20.5,2.9,94970,172
20230622,22.5,7.5,94990,172
20230623,24.4,9.9,95230,172
20230626,24.2,5.2,96900,172
20230627,25.3,7.7,97020,172
20230628,26.5,5.9,97000,172
20230629,24.2,2.7,96790,172
20230630,25.3,5.9,96640,172
20230703,29.1,10.8,96650,187
20230704,26.1,4.7,96530,187
20230705,24.5,5,96540,187
20230706,27.3,9.4,96120,187
20230707,26.7,8.1,96240,187
20230710,26.3,8,96350,187
20230711,23.5,4.3,96340,187
20230712,25.8,7.1,96410,187
20230713,25.2,1.8,96220,187
20230714,24.6,1.2,96210,187
20230717,25.5,4.1,96160,187
20230718,25.2,3.6,95990,187
20230719,27.2,9.9,95880,187
20230720,27.9,8.8,96000,187
20230721,29.5,9.7,96040,187
20230724,26.9,5.4,96250,187
20230725,27.8,4.7,96130,187
20230726,27.6,6.2,90300,187
20230727,28.4,7.8,89920,187
20230728,29.5,8.7,82020,187
20230731,28.7,7.8,84080,187
20230801,29.9,8.7,83920,170
20230802,29.7,6.9,83390,170
20230803,29.5,8,84860,170
20230804,30,7.9,84650,170
20230807,30.4,7.3,86290,170
20230808,30.9,9.4,86410,170
20230809,28.3,6.5,86030,170
20230810,22.2,4.2,86450,170
20230811,23.5,3.3,87660,170
20230814,28.1,7.1,88820,170
20230815,28.6,8,88780,170
20230816,27.3,6.9,88760,170
20230817,28.2,7.9,88790,170
20230818,29.1,7.8,87460,170
20230821,29.5,7.6,87510,170
20230822,27.6,6.4,87320,170
20230823,24.8,4,87420,170
20230824,25.1,5.5,87700,170
20230825,26.5,6,90500,170
20230828,22.7,4.8,90380,170
20230829,23.9,3,90360,170
20230830,22.8,3,90350,170
20230831,23.9,7.9,90360,170
20230901,24.5,9.9,88610,192
20230904,27,5.9,88650,192
20230905,28.5,7.8,88410,192
20230906,27.9,8.1,89000,192
20230907,26.3,10.7,89890,192
20230908,25.3,10.9,90160,192
20230911,25.5,6.7,90260,192
20230912,25.7,8.1,90260,192
20230913,22.1,5,90360,192
20230914,23.4,8,90580,192
20230915,22.3,4,91630,192
20230918,24.7,6.8,90610,192
20230919,24.1,5.6,91010,192
20230920,20.6,5.1,91300,192
20230921,20.1,6.1,91400,192
20230922,20.5,11.5,91900,192
20230925,21.6,8.1,92430,192
20230926,19.9,2.2,92530,192
20230927,21.5,3.7,92710,192
20231002,18.2,11.7,92990,93
20231003,17.5,8.1,92980,93
20231004,17.3,9,93100,93
20231005,14.2,9.3,93340,93
20231006,15.5,11.9,95950,93
20231009,17.4,8.3,95960,93
20231010,17.1,11.6,96050,93
20231011,17.6,11.1,96200,93
20231012,17.5,12.1,96450,93
20231013,17.5,7.2,92760,93
20231016,14.7,8.9,92790,93
20231017,13.8,13.4,92760,93
20231018,15.7,12.4,92870,93
20231019,17,4,92930,93
20231020,11.6,7.9,97170,93
20231023,15.2,10.3,100380,93
20231024,15.6,8.1,100250,93
20231025,16.6,9.2,100200,93
20231026,17.2,6.5,97340,93
20231027,15.7,7.6,87000,93
20231030,15.1,12.2,88280,93
20231031,16.5,8.1,88340,93
20231101,19,3.4,88250,191
20231102,20.8,7.2,97900,191
20231103,19.5,4.7,98100,191
20231106,13.3,12.7,100980,191
20231107,5.8,6.3,100990,191
20231108,8.4,14.3,101190,191
20231109,11.4,12.5,101190,191
20231110,3.4,8.6,97860,191
20231113,2,8.9,97800,191
20231114,5,11.6,97820,191
20231115,7,10.5,97850,191
20231116,6.6,1.7,97770,191
20231117,1.6,7.8,98350,191
20231120,6.2,11,102030,191
20231121,7.4,13.4,101970,191
20231122,9.5,12.2,101730,191
20231123,9.9,12.7,101080,191
20231124,-1.5,6.6,96930,191
20231127,6.2,4.9,97140,191
20231128,1.3,6.4,97100,191
20231129,-1.4,7,96900,191
20231130,-4.3,6.8,96900,191
20231201,-3.2,7.5,89740,195
20231204,2.7,12.4,89620,195
20231205,6.8,8.8,89630,195
20231206,6.1,4.8,89750,195
20231207,6.6,10.6,92600,195
20231208,11.2,11.7,92600,195
20231211,8.9,7.3,92370,195
20231212,5.4,5.8,92550,195
20231213,6.8,7.7,92490,195
20231214,7.6,2.9,92510,195
20231215,4.9,2.5,97880,195
20231218,-7.7,8.6,97800,195
20231219,-3.7,8.4,97760,195
20231220,-7.4,9.8,97850,195
20231221,-11.7,6.4,96840,195
20231222,-11.6,6.7,94710,195
20231225,-0.7,4.8,94750,195
20231226,1.9,9.8,94780,195
20231227,1.5,9.6,94740,195
20231228,1.2,6.1,94870,195
20231229,1.3,6.1,94700,195
