Date,Avg_temp,Temp_diff,Consumer_price
20140102,1.5,7.5,60642
20140103,2.3,8.4,59919
20140106,0.8,10.1,58957
20140107,3.0,5.2,59046
20140108,0.5,9.7,58749
20140109,-7.8,6.1,60978
20140110,-4.7,8.4,61047
20140113,-6.2,8.9,62039
20140114,-4.3,10.0,62554
20140115,-2.9,9.8,63056
20140116,0.1,7.6,62953
20140117,-0.1,7.5,62365
20140120,-1.5,6.1,63335
20140121,-5.5,4.1,63012
20140122,-3.9,11.1,63200
20140123,-0.8,9.3,63642
20140124,3.0,6.8,64459
20140127,0.2,11.4,63900
20140128,1.5,7.6,63900
20140129,2.2,13.5,64047
20140203,-3.5,11.0,64760
20140204,-7.4,6.8,64654
20140205,-4.8,9.2,63997
20140206,-1.3,9.7,64128
20140207,2.4,9.6,62794
20140210,-0.1,7.3,63850
20140211,0.2,9.0,63512
20140212,1.2,7.1,63983
20140213,1.9,8.6,64074
20140214,2.7,8.3,62543
20140217,4.2,7.6,61935
20140218,2.5,5.1,62369
20140219,2.1,8.6,60953
20140220,1.2,6.7,61217
20140221,0.9,10.9,60967
20140224,4.1,9.6,59995
20140225,5.7,11.7,60886
20140226,8.4,15.0,60439
20140227,7.7,9.3,60923
20140228,6.7,11.0,60923
20140303,5.2,12.9,59062
20140304,6.3,10.1,59319
20140305,1.4,6.7,60014
20140306,0.3,8.0,60925
20140307,-0.6,8.9,61008
20140310,1.5,11.3,62029
20140311,4.5,10.3,62029
20140312,6.9,5.5,61856
20140313,5.2,6.7,59139
20140314,3.4,10.0,57781
20140317,12.6,12.5,57747
20140318,10.5,8.3,59177
20140319,9.6,4.9,59644
20140320,6.3,7.5,62778
20140321,5.9,10.8,61657
20140324,10.9,10.7,64177
20140325,14.6,6.3,64120
20140326,15.4,10.1,64049
20140327,13.5,12.7,62128
20140328,16.6,12.5,61731
20140331,14.5,11.4,61006
20140401,15.6,13.5,61297
20140402,15.5,12.0,61994
20140403,10.2,8.1,59888
20140404,6.6,9.4,59888
20140407,10.3,11.8,60365
20140408,11.9,14.0,60535
20140409,10.3,8.3,60535
20140410,12.5,12.8,60350
20140411,13.6,8.6,60006
20140414,16.3,10.3,61326
20140415,12.9,7.5,60546
20140416,14.0,9.4,61153
20140417,14.7,12.5,59374
20140418,15.9,11.0,59444
20140421,15.1,11.6,59811
20140422,16.0,13.7,59811
20140423,17.2,14.5,59811
20140424,18.6,14.1,61226
20140425,19.0,13.6,60550
20140428,13.6,2.8,62206
20140429,15.0,7.0,62263
20140430,16.1,10.0,62891
20140502,15.7,13.7,61089
20140507,15.7,13.6,61257
20140508,14.5,8.0,62297
20140509,16.8,14.0,62324
20140512,16.4,6.8,62597
20140513,19.2,13.7,62597
20140514,19.6,10.6,62597
20140515,18.2,9.2,62111
20140516,19.0,13.9,61797
20140519,20.0,12.1,61854
20140520,21.5,12.3,61879
20140521,20.1,10.6,61932
20140522,20.9,14.7,60906
20140523,22.0,10.2,61191
20140526,19.4,8.2,61821
20140527,22.8,11.6,61997
20140528,24.0,9.9,61926
20140529,23.2,13.4,62046
20140530,24.8,14.5,62029
20140602,22.6,4.0,62400
20140603,18.7,3.5,62400
20140604,22.8,9.1,62400
20140609,22.9,10.2,64536
20140610,23.6,9.3,64668
20140611,20.5,8.6,64191
20140612,21.2,9.8,64279
20140613,21.3,7.4,64136
20140616,23.9,9.9,64859
20140617,24.5,9.2,64985
20140618,24.4,8.6,64422
20140619,22.5,4.8,64359
20140620,24.2,7.9,64391
20140623,21.0,3.8,64550
20140624,22.9,7.8,64550
20140625,23.8,8.8,65115
20140626,24.4,9.3,64624
20140627,24.1,8.9,64594
20140630,25.3,9.0,64671
20140701,26.0,10.1,64222
20140702,25.7,9.0,64194
20140703,22.6,3.3,62554
20140704,26.8,10.7,62554
20140707,27.1,13.0,62579
20140708,25.9,5.6,63071
20140709,27.6,7.4,63229
20140710,28.9,9.0,65829
20140711,27.1,9.8,65916
20140714,26.4,7.9,65244
20140715,26.8,8.4,64633
20140716,26.6,8.7,64614
20140717,25.9,6.0,65208
20140718,26.1,8.0,65392
20140721,27.3,7.2,64097
20140722,25.9,3.6,63932
20140723,23.6,3.5,63932
20140724,21.9,5.4,63827
20140725,27.5,11.6,63636
20140805,26.6,4.2,64716
20140806,24.4,3.7,64671
20140807,24.7,4.5,65011
20140808,26.1,8.7,64957
20140811,23.7,10.3,64638
20140812,25.8,8.1,65282
20140813,24.2,4.2,65150
20140814,22.3,2.8,66441
20140818,22.3,3.5,67786
20140819,22.3,4.9,68170
20140820,24.8,5.6,68224
20140821,23.1,2.8,66542
20140822,24.7,6.4,67003
20140825,25.9,4.5,67666
20140826,25.4,8.0,66968
20140827,24.6,7.5,67021
20140828,25.1,10.9,67021
20140829,25.2,9.1,67021
20140901,24.1,9.3,67932
20140902,23.1,8.4,68839
20140903,19.1,3.2,69829
20140904,22.4,9.6,69465
20140905,23.8,9.0,69641
20140911,23.3,11.7,70251
20140912,21.3,8.0,67554
20140915,23.1,6.9,68572
20140916,21.3,11.2,68572
20140917,20.2,5.0,67377
20140918,20.6,10.8,67710
20140919,21.4,13.5,68010
20140922,21.4,12.9,68054
20140923,23.0,10.9,67658
20140924,20.3,5.8,68213
20140925,22.2,10.0,66574
20140926,21.0,5.6,66476
20140929,19.4,3.0,66157
20140930,18.9,8.3,66157
20141001,19.2,9.5,66535
20141002,18.1,3.0,67540
20141006,16.6,12.1,67124
20141007,16.1,10.9,67634
20141008,16.7,13.6,67920
20141010,19.0,13.8,67184
20141013,17.4,10.7,67726
20141014,13.8,11.5,67323
20141015,13.8,11.1,66733
20141016,13.2,8.7,66437
20141017,13.6,14.6,65989
20141020,14.4,4.2,66721
20141021,13.8,3.8,68063
20141022,13.6,8.3,68551
20141023,13.8,12.1,69119
20141024,15.1,11.1,69484
20141027,10.7,10.8,68362
20141028,10.2,16.7,68362
20141029,12.1,15.9,68100
20141030,14.2,13.1,67921
20141031,15.0,5.4,67805
20141103,9.3,11.0,66959
20141104,11.3,13.1,67646
20141105,12.4,12.0,68159
20141106,13.5,8.2,67862
20141107,9.8,11.4,67659
20141110,9.4,13.0,67403
20141111,9.4,9.9,67403
20141112,6.0,11.3,67317
20141113,-0.2,7.4,67441
20141114,4.2,11.4,67711
20141117,6.2,5.2,68165
20141118,5.0,8.7,68246
20141119,5.6,13.2,68468
20141120,7.9,11.9,68211
20141121,11.3,10.6,67983
20141124,9.8,5.2,67983
20141125,10.2,8.5,67714
20141126,11.0,8.1,67477
20141127,10.4,8.2,67640
20141128,8.8,3.6,66780
20141201,-1.1,15.1,66780
20141202,-5.4,5.5,66780
20141203,-3.3,6.0,66975
20141204,-4.6,7.2,67390
20141205,-6.6,7.6,67049
20141208,-1.6,7.5,66776
20141209,-2.4,11.5,66800
20141210,1.6,6.1,66923
20141211,-1.5,8.4,66108
20141212,-3.8,7.5,66108
20141215,-0.1,3.7,66276
20141216,-4.9,11.1,66425
20141217,-9.0,5.9,66711
20141218,-8.3,11.0,67938
20141219,-3.8,8.1,67734
20141222,-4.7,10.5,66621
20141223,-1.3,7.5,66351
20141224,1.7,9.5,66218
20141226,-3.2,9.9,66783
20141229,2.9,6.9,66136
20141230,1.9,7.9,66425
20141231,-1.9,8.6,64233
20150102,-6.0,7.1,64390
20150105,3.7,9.0,65654
20150106,-3.2,11.6,65397
20150107,-5.5,8.3,65539
20150108,-5.1,9.3,62858
20150109,-2.1,10.3,62858
20150112,-2.7,11.0,62440
20150113,0.2,10.9,62440
20150114,2.5,6.4,62235
20150115,2.8,10.1,65114
20150116,0.8,5.9,64923
20150119,-0.1,7.1,65555
20150120,-0.9,10.8,65721
20150121,2.6,7.7,65721
20150122,3.1,6.3,66428
20150123,1.2,6.5,66300
20150126,3.6,6.3,66831
20150127,-3.6,7.9,66754
20150128,-4.1,11.8,66376
20150129,-1.1,7.6,66855
20150130,-3.3,7.8,66725
20150202,-0.6,11.7,66725
20150203,0.6,10.7,67435
20150204,0.4,8.9,67610
20150205,-0.1,8.6,65660
20150206,0.4,10.8,65723
20150209,-5.7,12.9,65331
20150210,1.7,7.8,65844
20150211,2.7,8.8,65844
20150212,-2.2,6.3,66495
20150213,-1.6,10.4,66495
20150216,5.0,3.8,66376
20150217,1.9,3.6,66376
20150223,0.9,8.3,66935
20150224,2.1,8.6,67286
20150225,5.4,12.3,65165
20150226,1.2,8.2,63583
20150227,-1.3,10.4,63333
20150302,3.9,11.6,62308
20150303,2.8,8.0,62500
20150304,-2.1,6.0,62220
20150305,-0.3,10.9,64223
20150306,2.9,13.6,64189
20150309,2.2,13.6,65372
20150310,-3.4,7.9,66462
20150311,0.4,12.6,66356
20150312,2.1,10.2,66253
20150313,5.6,9.2,66045
20150316,9.8,17.3,66144
20150317,10.7,9.2,66439
20150318,10.7,6.0,66780
20150319,12.4,14.5,64566
20150320,13.4,14.3,64251
20150323,4.6,10.1,64533
20150325,6.5,14.1,64468
20150326,7.9,13.2,65227
20150327,9.1,13.0,64783
20150330,13.2,14.9,65398
20150331,12.9,4.9,65373
20150401,12.9,7.6,64251
20150402,14.8,13.3,64105
20150403,10.6,8.2,64105
20150406,10.3,8.5,64583
20150407,8.4,6.7,64583
20150408,8.3,10.2,64910
20150409,9.6,12.5,64354
20150410,11.6,14.6,64273
20150413,12.0,10.2,64102
20150414,6.9,2.2,64230
20150415,11.1,11.4,64105
20150416,9.9,7.9,62415
20150417,10.5,11.3,62872
20150420,12.2,6.5,63303
20150421,14.0,13.2,63251
20150422,14.2,11.4,62944
20150423,14.5,12.1,65208
20150424,15.7,12.4,64803
20150427,18.5,12.2,64879
20150428,20.3,14.6,64879
20150429,17.0,2.6,64879
20150430,21.2,13.2,62103
20150504,16.1,7.6,62278
20150506,15.4,12.2,61515
20150507,16.5,13.4,63559
20150508,16.7,11.0,63559
20150511,18.4,9.7,64450
20150512,13.3,7.2,64425
20150513,17.4,9.6,64525
20150514,20.4,11.3,64525
20150515,19.1,7.4,64525
20150518,17.7,8.5,65608
20150519,14.8,3.2,65283
20150520,16.3,11.3,65358
20150521,18.7,13.4,64977
20150522,20.0,13.5,64634
20150526,21.5,16.2,65515
20150527,23.2,17.1,65529
20150528,24.3,15.5,66003
20150529,23.8,11.3,66003
20150601,21.7,12.7,66297
20150602,23.1,11.7,66639
20150603,23.3,12.3,66376
20150604,24.2,14.4,64566
20150605,19.1,4.5,64724
20150608,22.4,9.6,64861
20150609,22.2,9.3,64861
20150610,25.3,17.3,65255
20150611,24.6,9.5,64853
20150612,23.6,10.5,65436
20150615,24.2,11.0,65922
20150616,25.0,10.9,65783
20150617,23.4,10.6,65756
20150618,24.8,11.7,64000
20150619,24.5,9.9,64000
20150622,24.0,9.7,65008
20150623,24.7,11.3,65311
20150624,25.7,9.5,64746
20150625,24.8,8.1,67476
20150626,21.0,7.3,67682
20150629,25.7,9.4,68862
20150630,24.4,7.3,69132
20150701,23.7,6.9,69524
20150702,23.7,8.9,69120
20150703,23.3,9.1,68519
20150706,25.3,12.3,69557
20150707,25.6,8.3,69746
20150708,23.4,5.6,69511
20150709,26.5,9.7,69180
20150710,29.2,10.7,68983
20150713,23.1,3.5,68983
20150714,26.1,8.9,68783
20150715,27.9,11.2,69409
20150716,24.7,8.3,68606
20150717,23.6,10.2,68756
20150720,27.5,6.8,69039
20150721,27.0,5.0,70036
20150722,27.7,6.4,69809
20150723,26.9,7.2,70737
20150724,24.7,2.8,70689
20150727,26.2,5.6,70744
20150728,27.7,6.6,71064
20150729,26.7,4.0,71064
20150730,28.6,7.6,70678
20150731,27.9,6.2,70511
20150803,27.9,5.9,70553
20150804,27.5,5.4,70864
20150805,28.6,6.8,70600
20150806,29.3,9.9,71420
20150807,28.9,8.4,72222
20150810,27.0,8.1,71392
20150811,26.8,6.1,70997
20150812,27.3,10.8,70920
20150813,26.5,7.2,71924
20150817,26.6,13.1,72589
20150818,27.9,8.1,72717
20150819,26.8,5.5,72244
20150820,25.4,3.9,72167
20150821,25.2,6.3,72167
20150824,26.3,7.0,72231
20150825,21.7,5.3,72167
20150826,21.9,6.4,71951
20150827,24.7,8.8,72033
20150828,23.2,9.1,71267
20150831,25.9,10.2,73046
20150901,25.9,8.1,73934
20150902,23.9,5.7,73934
20150903,23.9,8.4,74134
20150904,24.8,10.1,74489
20150907,22.6,11.9,75114
20150908,22.7,12.7,75163
20150909,22.4,14.8,75163
20150910,22.4,11.4,75426
20150911,21.0,7.6,75426
20150914,22.1,11.4,75540
20150915,22.8,11.3,75540
20150916,21.6,10.7,75909
20150917,21.4,12.1,74785
20150918,21.9,13.3,74785
20150921,22.6,12.9,74967
20150922,23.9,13.0,75300
20150923,22.0,7.1,75058
20150924,23.4,13.1,74910
20150930,21.3,6.8,75663
20151001,16.3,9.0,75038
20151002,16.5,12.9,75225
20151005,18.0,14.6,75006
20151006,18.7,14.2,75891
20151007,19.6,11.6,75891
20151008,20.1,10.7,75667
20151012,12.3,9.7,76088
20151013,15.0,13.5,76088
20151014,17.1,13.6,76182
20151015,17.9,14.0,76514
20151016,17.5,11.0,77639
20151019,18.1,10.3,78900
20151020,18.8,9.7,78611
20151021,17.9,8.8,77469
20151022,17.5,8.6,76984
20151023,17.5,6.2,77158
20151026,15.0,6.7,77397
20151027,12.1,8.2,77397
20151028,9.9,10.2,77200
20151029,8.4,11.5,77150
20151030,5.4,8.7,77546
20151102,10.8,9.1,77243
20151103,11.8,12.1,77357
20151104,12.2,14.0,77357
20151105,13.2,10.6,77351
20151106,13.5,9.6,77923
20151109,10.8,2.3,78251
20151110,10.0,5.8,78119
20151111,11.6,11.1,77893
20151112,14.5,10.8,77872
20151113,11.5,2.6,77879
20151116,12.2,3.3,77600
20151117,13.9,8.3,77224
20151118,10.4,4.2,77224
20151119,8.9,4.1,76873
20151120,9.8,7.3,76800
20151123,8.5,4.5,76988
20151124,5.6,6.1,77230
20151125,2.4,4.4,77230
20151126,-2.7,5.7,77897
20151127,-2.8,9.3,77436
20151130,4.1,7.6,77953
20151201,4.0,11.7,77953
20151202,6.0,5.6,78583
20151203,-0.7,6.5,78394
20151204,-0.4,7.5,78394
20151207,1.9,10.1,77928
20151208,2.9,11.0,77928
20151209,5.0,11.7,77928
20151210,7.8,3.4,76668
20151211,6.4,8.9,76668
20151214,5.0,3.8,76468
20151215,4.7,6.2,76565
20151216,-1.0,7.8,76988
20151217,-4.6,7.0,76570
20151218,-3.3,6.0,75958
20151221,2.2,5.2,77139
20151222,3.1,9.2,77242
20151223,5.9,7.7,77242
20151224,1.5,6.9,77031
20151228,-5.7,8.5,78121
20151229,-3.2,11.6,78438
20151230,0.3,7.8,78713
20151231,0.7,4.7,77981
20160104,2.0,7.8,78497
20160105,-2.7,6.3,78548
20160106,-1.7,6.6,78738
20160107,-3.4,7.3,76974
20160108,-3.3,7.9,76924
20160111,-3.8,7.4,77156
20160112,-5.2,9.8,77130
20160113,-4.5,8.3,77152
20160114,-3.4,9.7,77948
20160115,-0.4,9.6,78252
20160118,-6.3,12.7,79382
20160119,-12.8,6.2,79382
20160120,-10.5,9.3,79685
20160121,-7.1,7.9,79260
20160122,-7.6,7.3,78809
20160125,-9.4,10.9,78809
20160126,-3.3,10.2,78809
20160127,-1.1,9.0,78809
20160128,-0.5,9.1,80009
20160129,1.9,6.8,80759
20160201,-6.0,8.1,80994
20160202,-5.3,10.9,80658
20160203,-2.4,12.3,80738
20160204,-0.7,7.9,81382
20160205,-2.2,10.2,81533
20160211,8.1,11.9,82541
20160212,8.4,3.2,81929
20160215,-5.8,7.7,82709
20160216,-2.7,7.8,82406
20160217,0.0,10.6,81919
20160218,3.5,9.2,82224
20160219,2.3,4.3,81252
20160222,1.1,6.4,80850
20160223,0.7,9.0,81100
20160224,-3.0,9.0,80218
20160225,-0.2,11.5,79985
20160226,2.2,10.7,78664
20160229,-3.8,4.8,80078
20160302,3.1,10.3,80116
20160303,8.1,9.5,80147
20160304,13.2,13.9,80009
20160307,8.1,7.4,80561
20160308,2.7,8.4,81891
20160309,0.3,8.0,82068
20160310,-1.1,7.4,82479
20160311,-0.5,10.1,81532
20160314,4.7,8.3,81648
20160315,5.2,13.4,82103
20160316,7.5,11.1,82206
20160317,9.3,12.7,80083
20160318,13.4,11.3,79975
20160321,9.9,10.6,79669
20160322,8.0,10.3,80275
20160323,8.2,10.0,80281
20160324,7.2,11.1,81197
20160325,7.1,10.5,80967
20160328,9.8,15.1,81737
20160329,11.3,9.5,81423
20160330,11.5,11.3,81737
20160331,13.5,15.4,80012
20160401,15.3,16.5,80012
20160404,12.3,14.7,79106
20160405,11.4,12.2,79694
20160406,14.4,16.3,80306
20160407,14.1,10.1,79394
20160408,11.1,10.9,79394
20160411,12.5,13.7,80229
20160412,14.1,9.1,80229
20160414,12.4,9.3,77851
20160415,15.0,15.0,77280
20160418,11.2,11.5,77177
20160419,12.0,12.7,77177
20160420,14.3,10.8,77749
20160421,13.5,6.6,79823
20160422,13.5,8.5,79871
20160425,17.2,15.1,80646
20160426,21.1,17.5,81360
20160427,17.2,6.2,81074
20160428,17.2,10.6,74620
20160429,16.2,11.7,72800
20160502,21.1,11.9,73291
20160503,12.9,8.7,73291
20160504,15.7,10.4,72763
20160509,20.2,9.1,75019
20160510,14.5,5.6,74528
20160511,16.4,13.1,74889
20160512,17.8,11.9,72714
20160513,18.6,12.7,72158
20160516,15.9,11.1,73017
20160517,19.3,15.7,73017
20160518,22.3,16.0,72464
20160519,24.3,15.6,72606
20160520,24.0,14.8,72050
20160523,23.3,11.1,74722
20160524,16.8,6.4,74722
20160525,19.7,9.1,74722
20160526,19.4,5.4,74822
20160527,20.9,12.3,74592
20160530,22.1,12.0,75323
20160531,21.6,10.2,75420
20160601,23.3,12.8,74200
20160602,23.2,11.9,74691
20160603,22.2,10.1,75306
20160607,21.7,6.3,76957
20160608,22.1,9.5,76717
20160609,24.1,13.5,75874
20160610,24.6,11.1,76203
20160613,23.5,10.2,75849
20160614,23.8,9.8,75849
20160615,20.9,7.1,75063
20160616,20.9,6.3,75418
20160617,23.8,10.5,75779
20160620,24.7,11.1,76585
20160621,26.0,10.3,76536
20160622,24.3,9.3,76852
20160623,24.7,9.8,76826
20160624,23.1,4.6,76529
20160627,24.4,9.6,78441
20160628,24.7,9.3,77316
20160629,25.3,9.3,77548
20160630,24.6,3.9,77853
20160701,24.0,4.6,77130
20160704,21.8,3.9,78009
20160705,23.1,4.6,78634
20160706,22.9,6.6,79391
20160707,24.0,8.4,78391
20160708,27.3,11.2,77797
20160711,28.4,8.6,79221
20160712,26.3,8.8,79541
20160713,26.3,6.3,78981
20160714,27.5,8.4,76683
20160715,26.2,5.5,77483
20160718,24.4,7.7,78453
20160719,27.1,11.5,78609
20160720,28.6,8.9,78859
20160721,28.3,7.3,76953
20160722,29.1,8.8,76813
20160725,28.4,5.0,78319
20160726,28.4,6.3,78521
20160727,27.6,2.2,77888
20160728,28.0,3.8,78172
20160729,26.3,5.0,77359
20160801,28.4,6.6,78332
20160802,27.2,6.1,77655
20160803,29.1,10.2,77769
20160804,30.7,9.7,78088
20160805,31.2,9.5,77703
20160808,30.5,9.1,77621
20160809,29.3,7.2,77530
20160810,29.4,8.7,77530
20160811,30.5,10.3,79485
20160812,30.4,9.5,78720
20160816,29.3,8.7,79074
20160817,29.9,9.6,79640
20160818,29.9,8.1,79297
20160819,28.9,6.6,78632
20160822,30.7,10.5,79766
20160823,28.3,7.0,80300
20160824,29.1,6.5,80359
20160825,27.1,8.2,80733
20160826,23.0,8.7,80538
20160829,22.2,9.7,81413
20160830,20.6,6.6,81440
20160831,17.7,3.1,80583
20160901,23.2,12.8,79158
20160902,24.2,8.4,79153
20160905,26.4,8.1,79452
20160906,24.7,8.0,79452
20160907,24.3,7.7,79452
20160908,23.0,5.0,79879
20160909,23.9,9.6,79879
20160912,23.4,6.1,79997
20160919,21.9,9.6,81097
20160920,20.6,11.4,80946
20160921,20.2,11.0,80836
20160922,21.9,9.7,79711
20160923,21.4,11.5,79711
20160926,23.6,9.2,79775
20160927,21.0,4.7,79389
20160928,19.9,3.1,79389
20160929,20.4,6.6,79588
20160930,20.5,5.8,79588
20161004,22.0,13.4,79294
20161005,21.1,9.7,79153
20161006,18.0,9.9,79466
20161007,19.7,8.3,79158
20161010,14.0,14.0,80648
20161011,15.4,11.1,80794
20161012,15.5,9.3,80948
20161013,15.2,12.6,79637
20161014,16.7,13.0,79894
20161017,17.5,7.2,79597
20161018,17.0,12.8,79676
20161019,18.0,10.3,79724
20161020,18.6,12.9,80371
20161021,17.9,6.3,79806
20161024,15.1,11.6,79806
20161025,14.1,5.0,79800
20161026,13.3,5.8,79800
20161027,14.6,12.3,80246
20161028,14.6,8.2,80200
20161031,5.7,7.5,80200
20161101,1.5,9.0,79285
20161102,4.1,13.2,79413
20161103,9.1,9.9,79413
20161104,12.3,7.5,80437
20161107,12.8,9.3,80818
20161108,4.1,8.0,80818
20161109,2.1,11.8,80818
20161110,6.0,8.3,80854
20161111,9.1,8.0,80854
20161114,13.2,5.6,80584
20161115,5.2,7.7,80584
20161116,5.2,12.0,80584
20161117,9.1,12.5,78719
20161118,10.3,9.7,78305
20161121,9.5,9.5,78128
20161122,2.0,10.5,78072
20161123,-1.8,8.4,77530
20161124,-2.5,8.6,79121
20161125,1.0,9.5,78530
20161128,1.4,7.0,78530
20161129,1.7,11.4,78530
20161130,6.0,9.1,78386
20161201,4.1,8.0,78335
20161202,1.6,11.4,78335
20161205,5.9,9.8,78024
20161206,-1.1,8.5,77945
20161207,1.7,10.2,78313
20161208,2.1,9.1,77943
20161209,1.4,7.1,77576
20161212,2.3,9.3,78511
20161213,3.4,9.2,78621
20161214,-1.4,2.2,78937
20161215,-5.0,6.1,79342
20161216,-4.7,9.8,78837
20161219,7.2,7.7,78474
20161220,7.6,9.2,78439
20161221,7.9,8.5,78439
20161222,5.5,9.5,78559
20161223,-2.5,5.9,77338
20161226,2.5,3.1,78428
20161227,-2.3,7.6,78972
20161228,-3.7,11.0,78972
20161229,-4.2,6.1,78774
20161230,-3.9,10.1,77974
20170102,5.0,7.4,77082
20170103,2.0,10.0,77613
20170104,3.9,7.9,77613
20170105,3.8,7.4,78877
20170106,5.4,8.9,78210
20170109,1.5,7.4,79254
20170110,-3.7,8.5,79892
20170111,-3.8,10.9,79892
20170112,-2.2,7.1,79603
20170113,-6.0,7.2,78229
20170116,-3.8,12.9,78586
20170117,-2.0,10.5,78884
20170118,-0.5,5.8,79073
20170119,-1.2,9.6,77370
20170120,-4.4,6.4,77378
20170123,-8.9,8.5,76908
20170124,-7.0,10.3,76908
20170125,-5.2,11.1,76513
20170131,-5.4,10.1,76403
20170201,-4.0,8.2,76236
20170202,-2.7,12.5,76386
20170203,1.5,9.0,76125
20170206,-1.7,7.0,75905
20170207,-2.0,8.6,76181
20170208,-2.2,5.5,75932
20170209,-5.3,5.0,78017
20170210,-6.6,6.8,78294
20170213,0.1,11.5,78878
20170214,0.3,10.5,78697
20170215,1.8,11.9,79192
20170216,5.5,12.2,78500
20170217,0.8,14.2,78237
20170220,-1.5,10.6,78446
20170221,-0.6,14.5,78770
20170222,1.7,3.8,78500
20170223,-1.5,6.3,78042
20170224,-0.8,10.2,78042
20170227,3.7,12.5,77236
20170228,5.6,13.6,77500
20170302,1.8,7.7,76889
20170303,3.3,13.5,77024
20170306,0.1,6.8,77754
20170307,-1.3,6.9,77608
20170308,-0.1,10.3,77376
20170309,3.2,13.4,76769
20170310,4.8,13.4,76308
20170313,6.9,10.7,77517
20170314,5.8,9.9,78515
20170315,6.3,12.9,78574
20170316,6.2,12.4,77900
20170317,7.7,14.5,77764
20170320,10.2,9.5,78264
20170321,7.4,8.3,78243
20170322,7.6,12.2,78542
20170323,9.1,9.9,78597
20170324,8.7,11.3,78180
20170327,6.1,6.5,78536
20170328,7.1,10.2,78731
20170329,8.8,9.7,79251
20170330,10.6,13.0,79224
20170331,8.6,7.5,79273
20170403,11.4,14.9,79038
20170404,14.1,15.1,78178
20170405,12.0,3.4,78067
20170406,10.4,3.0,78326
20170407,14.5,14.5,78326
20170410,16.5,13.2,78497
20170411,15.3,8.7,78297
20170412,11.5,7.6,78069
20170413,12.7,13.3,77424
20170414,13.0,7.6,77208
20170417,14.7,6.8,77308
20170418,11.7,8.0,78470
20170419,12.6,11.4,78470
20170420,12.9,8.3,79200
20170421,13.1,11.7,78757
20170424,15.1,13.0,79108
20170425,16.0,7.5,78667
20170426,15.1,9.7,79103
20170427,13.6,11.9,77917
20170428,14.4,12.6,77892
20170502,20.7,12.8,78054
20170504,21.0,12.7,77708
20170508,17.9,12.4,76720
20170510,16.4,6.6,76491
20170511,19.3,11.7,74750
20170512,19.1,4.3,74750
20170515,16.0,7.8,76911
20170516,17.1,9.0,77184
20170517,18.6,13.6,77373
20170518,20.4,13.0,77859
20170519,21.1,12.8,77859
20170522,21.8,12.1,78459
20170523,20.0,7.2,78459
20170524,21.8,10.9,78459
20170525,19.2,10.0,77569
20170526,17.7,10.8,77924
20170529,22.9,11.2,77865
20170530,23.6,11.7,77924
20170531,23.3,11.9,77224
20170601,23.3,7.0,76335
20170602,20.5,10.1,76669
20170605,24.2,13.9,76669
20170607,17.6,4.1,76539
20170608,20.1,10.8,77738
20170609,21.2,7.8,77035
20170612,22.1,11.0,77359
20170613,21.5,7.6,77468
20170614,21.8,9.0,77468
20170615,23.1,11.6,78113
20170616,25.5,12.7,78297
20170619,24.8,10.7,78981
20170620,26.0,12.7,78981
20170621,25.4,9.9,78981
20170622,25.3,9.2,78219
20170623,26.7,12.8,78025
20170626,23.1,9.8,78419
20170627,25.2,9.7,78864
20170628,26.0,8.0,79381
20170629,26.2,9.6,78462
20170630,25.9,8.7,77718
20170703,24.7,5.5,77700
20170704,26.7,7.8,77989
20170705,27.4,9.3,78267
20170706,27.6,10.7,78389
20170707,26.4,4.0,78389
20170710,24.0,2.8,79235
20170711,26.0,8.7,79235
20170712,27.1,6.2,79235
20170713,27.6,9.0,79757
20170714,28.7,6.9,79757
20170717,26.8,5.0,79765
20170718,26.5,6.8,79630
20170719,28.3,9.6,79251
20170720,29.9,8.9,79008
20170721,29.8,5.1,78756
20170724,26.2,1.7,79697
20170725,29.4,10.8,79697
20170726,28.7,8.6,79697
20170727,27.1,4.8,78853
20170728,25.5,2.1,78642
20170731,25.7,2.3,80127
20170801,28.6,8.9,80127
20170802,30.0,6.4,80486
20170803,30.2,6.7,79432
20170804,30.3,9.4,79227
20170807,29.2,8.0,79551
20170808,28.2,5.5,79551
20170809,27.6,7.4,79011
20170810,24.8,2.4,79887
20170811,27.0,8.5,79326
20170814,24.6,4.0,79738
20170816,23.3,6.3,79884
20170817,24.8,6.5,79592
20170818,26.3,6.7,79539
20170821,25.8,5.5,79928
20170822,27.3,8.1,79928
20170823,27.2,5.6,79038
20170824,26.5,4.2,79447
20170825,25.3,8.4,79462
20170828,21.5,8.2,80100
20170829,19.5,7.0,80371
20170830,19.8,7.8,81103
20170831,22.2,11.0,81108
20170901,23.3,12.6,80941
20170904,24.6,10.4,81811
20170905,21.9,3.3,82324
20170906,20.6,5.5,82324
20170907,22.4,9.7,81846
20170908,24.3,9.5,81630
20170911,21.2,6.0,81684
20170912,22.1,10.2,81884
20170913,21.4,11.6,81884
20170914,22.4,14.7,82262
20170915,22.6,10.1,82673
20170918,21.9,11.2,82457
20170919,22.6,5.7,82638
20170920,19.5,10.8,82414
20170921,20.3,12.8,81657
20170922,20.6,11.4,81435
20170925,23.4,12.7,81392
20170926,25.1,12.0,81484
20170927,22.7,7.4,82026
20170928,19.2,11.1,81959
20170929,17.4,12.3,81789
20171010,21.4,6.2,82371
20171011,15.5,9.5,82760
20171012,11.4,,84125
20171013,12.8,12.8,84264
20171016,16.6,8.4,84978
20171017,16.2,14.7,84924
20171018,16.5,4.9,84811
20171019,17.0,11.3,84712
20171020,17.0,13.1,84777
20171023,13.7,12.0,84789
20171024,14.4,11.0,84816
20171025,14.4,11.1,84546
20171026,14.5,7.4,83051
20171027,16.9,12.3,83162
20171030,7.7,10.7,83736
20171031,10.4,12.4,83645
20171101,14.4,6.6,84039
20171102,15.5,4.0,82153
20171103,12.3,10.5,82446
20171106,11.4,8.5,83753
20171107,14.4,9.2,84253
20171108,13.1,10.3,83918
20171109,9.4,13.1,81674
20171110,9.8,10.6,81305
20171113,8.4,8.7,81489
20171114,7.5,8.5,81674
20171115,3.2,7.6,81700
20171116,1.0,9.8,82911
20171117,3.0,7.4,82911
20171120,-0.4,8.1,82437
20171121,1.3,12.3,82395
20171122,4.3,10.2,82395
20171123,0.9,7.2,80517
20171124,-0.4,5.4,81011
20171127,2.5,12.4,80589
20171128,6.4,9.9,80206
20171129,3.2,9.9,80416
20171130,-2.4,7.9,81963
20171201,-2.2,10.7,81963
20171204,-1.2,10.6,82763
20171205,-4.2,7.8,82763
20171206,0.2,10.5,82605
20171207,0.7,8.1,81884
20171208,-3.8,6.6,82668
20171211,-7.0,8.5,83274
20171212,-9.4,7.1,83274
20171213,-8.7,7.6,83274
20171214,-6.6,9.3,83335
20171215,-3.0,8.4,83335
20171218,-1.6,9.2,83795
20171219,-3.9,5.5,83335
20171220,-3.9,8.4,83341
20171221,-0.9,10.2,83368
20171222,3.4,8.5,81479
20171226,-3.8,6.8,82032
20171227,-6.9,7.7,82032
20171228,-2.1,7.6,81479
20171229,2.1,6.4,80137
20180102,-1.8,6.1,80530
20180103,-4.7,6.7,80095
20180104,-4.7,8.0,80021
20180105,-3.0,7.2,80021
20180108,1.3,5.2,79505
20180109,-4.2,4.9,79505
20180110,-7.5,5.5,79505
20180111,-11.1,6.2,81782
20180112,-10.2,9.9,81566
20180115,4.7,5.9,81758
20180116,3.5,6.7,81713
20180117,4.5,6.3,81976
20180118,2.1,4.2,81958
20180119,1.0,8.0,81958
20180122,0.2,9.3,82711
20180123,-11.7,9.3,82884
20180124,-14.2,5.6,82249
20180125,-14.0,6.9,82545
20180126,-14.8,7.1,82545
20180129,-8.5,6.9,82249
20180130,-5.3,10.6,82249
20180131,-2.6,5.2,82249
20180201,-4.0,10.0,81833
20180202,-2.4,11.4,81833
20180205,-9.4,6.7,81833
20180206,-10.1,7.0,82197
20180207,-8.0,11.8,82197
20180208,-4.4,11.7,81934
20180209,0.4,11.4,82065
20180212,-5.8,7.8,82644
20180213,-0.8,11.7,82387
20180219,1.8,8.7,80008
20180220,0.9,7.9,79568
20180221,-0.9,8.9,78681
20180222,1.3,9.3,80382
20180223,4.2,8.9,80488
20180226,3.1,13.6,80431
20180227,4.2,6.3,80891
20180228,4.6,6.0,81508
20180302,-0.7,12.1,81973
20180305,5.5,10.1,81694
20180306,4.5,12.0,81694
20180307,6.4,8.5,81694
20180308,4.6,7.0,83405
20180309,4.5,8.2,83405
20180312,8.0,13.3,83865
20180313,12.4,13.6,83865
20180314,17.0,8.5,83865
20180315,12.4,8.2,81772
20180316,7.1,8.6,81022
20180319,8.0,4.2,81832
20180320,4.7,7.5,81832
20180321,2.1,4.2,81679
20180322,4.9,11.0,78744
20180323,6.1,10.7,78766
20180326,11.0,12.8,79300
20180327,13.3,12.3,79300
20180328,14.0,9.6,79232
20180329,15.4,9.3,78139
20180330,14.8,12.1,78566
20180402,18.4,8.8,79135
20180403,17.8,6.3,79167
20180404,13.4,8.7,79250
20180405,7.6,2.8,83062
20180406,5.8,5.6,82454
20180409,7.9,15.3,83074
20180410,15.1,15.0,83074
20180411,12.6,8.6,82426
20180412,13.3,12.8,81509
20180413,14.6,11.0,82009
20180416,11.6,13.9,82009
20180417,12.9,13.3,82009
20180418,12.4,13.1,82367
20180419,14.0,13.1,82453
20180420,18.4,15.3,82453
20180423,9.3,2.3,82894
20180424,12.1,7.2,82758
20180425,14.6,17.6,82758
20180426,14.9,12.1,79491
20180427,15.7,13.6,78397
20180430,19.2,10.9,78997
20180501,20.4,5.5,78997
20180502,15.1,11.0,79838
20180503,11.2,7.8,80275
20180504,14.1,11.2,78953
20180508,17.5,11.3,79395
20180509,15.7,12.6,79395
20180510,15.4,10.1,80250
20180511,16.1,9.4,80094
20180514,18.2,12.6,80144
20180515,23.2,13.9,79811
20180516,22.3,2.6,80144
20180517,20.9,4.7,79666
20180518,16.3,7.1,79758
20180521,17.8,12.4,79666
20180522,18.1,7.8,79666
20180523,17.3,9.7,79814
20180524,18.3,12.5,80982
20180525,19.7,12.4,81453
20180528,22.3,12.9,81074
20180529,21.4,6.8,81074
20180530,20.2,8.9,81074
20180531,20.9,13.4,78797
20180601,23.8,12.7,79558
20180604,22.6,8.6,80240
20180605,23.7,11.5,79770
20180607,22.2,11.6,81184
20180608,21.9,8.5,81184
20180611,20.2,5.9,81284
20180612,21.3,10.5,81284
20180613,22.0,8.7,81284
20180614,21.6,6.3,78929
20180615,21.7,9.8,78929
20180618,24.8,10.9,79356
20180619,22.4,8.1,79356
20180620,22.7,9.3,79356
20180621,23.7,9.3,80040
20180622,25.0,13.8,79771
20180625,27.1,11.6,78386
20180626,22.3,6.7,78386
20180627,22.3,6.4,77824
20180628,23.3,6.7,77386
20180629,24.7,7.2,78869
20180702,22.6,4.7,79522
20180703,27.4,10.1,80116
20180704,27.3,7.8,81008
20180705,25.3,5.6,83200
20180706,23.9,5.6,82950
20180709,20.8,4.1,82749
20180710,23.7,6.1,83006
20180711,26.8,5.1,83006
20180712,26.6,3.1,79861
20180713,27.3,6.2,79278
20180716,28.7,10.0,79000
20180717,28.1,8.2,79278
20180718,28.2,9.5,79000
20180719,28.7,10.9,80886
20180720,29.5,10.1,80686
20180723,31.7,6.5,81029
20180724,31.4,9.6,81029
20180725,30.1,6.4,80571
20180726,30.1,6.4,78364
20180727,30.9,8.2,78278
20180730,31.7,10.7,79848
20180731,32.6,10.5,78971
20180801,33.6,11.8,79400
20180802,33.7,7.6,79647
20180803,33.1,7.9,79353
20180806,30.5,7.0,79606
20180807,30.5,9.1,79156
20180808,31.0,7.7,78806
20180809,28.8,5.4,79485
20180810,30.7,11.1,78826
20180813,30.5,7.7,78577
20180814,31.7,9.5,78577
20180816,29.9,11.5,77997
20180817,27.2,12.1,78608
20180820,29.1,8.2,79340
20180821,26.6,7.6,79026
20180822,30.7,14.2,78847
20180823,29.4,6.5,79985
20180824,24.4,3.1,80691
20180827,22.7,4.7,81597
20180828,23.7,3.6,81597
20180829,25.2,4.7,81556
20180830,25.3,4.3,81059
20180831,25.6,7.5,80623
20180903,23.3,4.4,81558
20180904,23.2,7.8,81687
20180905,24.0,8.9,81742
20180906,24.1,7.3,80381
20180907,22.0,6.4,80090
20180910,22.9,9.8,81082
20180911,21.6,9.3,81280
20180912,22.8,11.4,80788
20180913,23.5,8.0,82994
20180914,23.5,6.5,82994
20180917,22.3,9.2,83347
20180918,22.0,8.8,83388
20180919,22.1,7.7,82894
20180920,19.0,2.3,80019
20180921,19.4,4.3,81139
20180928,17.5,7.9,82925
20181001,15.4,6.7,82925
20181002,15.9,11.7,82925
20181004,19.3,12.6,84800
20181005,16.9,3.3,84794
20181008,14.8,11.7,85400
20181010,12.0,8.8,85316
20181011,9.7,7.8,84994
20181012,10.9,12.2,83694
20181015,15.2,10.1,83569
20181016,14.5,10.4,83569
20181017,12.4,10.2,82950
20181018,12.7,11.5,84293
20181019,13.1,13.2,84583
20181022,14.0,11.8,85887
20181023,12.2,7.1,85887
20181024,12.5,11.1,86250
20181025,13.8,14.2,85118
20181026,12.2,4.8,85118
20181029,7.2,8.3,85270
20181030,6.1,10.9,85270
20181031,7.4,9.6,84444
20181101,8.4,12.7,83367
20181102,10.6,15.0,83562
20181105,11.9,11.7,84911
20181106,12.2,9.5,85397
20181107,12.8,5.4,85525
20181108,11.8,4.2,83688
20181109,12.1,5.9,82870
20181112,8.1,12.0,83609
20181113,8.8,11.3,83264
20181114,9.8,11.8,83264
20181115,9.7,11.5,80341
20181116,8.8,10.3,80429
20181119,6.5,8.0,80018
20181120,6.5,12.7,81106
20181121,5.8,5.1,80739
20181122,2.3,8.4,85154
20181123,1.9,10.7,85439
20181126,6.3,12.0,85166
20181127,7.1,9.4,85166
20181128,5.0,9.0,87651
20181129,3.5,6.1,87582
20181130,2.7,9.5,87582
20181203,11.5,4.2,87763
20181204,6.7,12.1,88191
20181205,0.0,7.7,88191
20181206,2.4,7.8,84915
20181207,-7.3,8.5,84915
20181210,-2.5,12.7,85072
20181211,0.2,5.3,85072
20181212,-1.9,7.4,85072
20181213,-2.2,8.0,83356
20181214,-4.4,8.4,82944
20181217,1.6,7.4,82944
20181218,2.6,10.2,81730
20181219,4.0,8.2,82161
20181220,3.4,11.5,81637
20181221,5.6,9.4,79666
20181224,-2.3,9.0,79666
20181226,-1.5,10.1,79637
20181227,-10.1,6.0,78585
20181228,-10.5,7.8,79858
20181231,-5.4,10.0,80827
20190102,-4.9,9.0,81074
20190103,-3.5,11.6,78215
20190104,-1.1,10.3,78215
20190107,-1.9,9.3,78215
20190108,-3.5,7.7,78215
20190109,-4.7,10.7,77676
20190110,-0.6,7.5,79882
20190111,2.4,7.6,79735
20190114,1.4,7.7,80061
20190115,-1.7,9.8,80088
20190116,-5.2,9.0,81400
20190117,-0.3,7.2,82174
20190118,0.6,11.3,82231
20190121,-1.2,10.9,82060
20190122,1.7,10.4,82712
20190123,2.0,7.8,82712
20190124,0.1,11.1,83091
20190125,-1.2,6.4,82889
20190128,1.2,6.9,83388
20190129,-0.2,12.6,83779
20190130,1.8,9.4,82194
20190131,-2.0,8.5,79467
20190201,-2.1,10.2,80015
20190207,-2.1,14.5,81985
20190208,-6.1,8.9,81133
20190211,-3.0,9.5,79825
20190212,-0.6,7.8,79075
20190213,-2.1,8.2,79500
20190214,-0.5,12.2,80632
20190215,-0.8,3.8,79665
20190218,0.9,10.6,81057
20190219,1.4,2.8,80474
20190220,1.7,4.6,78309
20190221,2.4,11.6,79725
20190222,4.0,12.4,79248
20190225,4.7,8.9,77745
20190226,5.2,13.5,78685
20190227,7.8,9.3,78888
20190228,6.6,10.8,79731
20190304,9.9,11.3,78418
20190305,8.4,7.3,78127
20190306,8.4,6.7,77821
20190307,7.0,9.6,77378
20190308,6.1,12.8,77066
20190311,6.6,6.5,76848
20190312,3.9,8.2,76350
20190313,3.5,8.9,76232
20190314,5.0,11.7,76875
20190315,5.5,9.7,78235
20190318,7.1,13.0,78944
20190319,10.0,13.3,79221
20190320,10.3,7.5,79097
20190321,7.1,9.2,79126
20190322,3.3,9.0,79274
20190325,7.3,8.6,79120
20190326,11.4,10.2,79606
20190327,11.6,7.3,79263
20190328,9.4,9.0,78491
20190329,9.2,9.6,78491
20190401,5.5,11.0,78491
20190402,6.7,11.7,78220
20190403,7.6,11.7,78963
20190404,9.2,12.7,78891
20190405,11.4,10.2,78406
20190408,11.6,9.6,78949
20190409,9.2,9.2,78949
20190410,7.1,5.5,78377
20190411,9.5,11.4,78143
20190412,11.4,12.9,77735
20190415,11.6,14.2,78000
20190416,14.9,15.8,78944
20190417,15.3,12.7,78944
20190418,12.6,5.8,78518
20190419,13.8,10.1,78270
20190422,19.3,17.5,78938
20190423,20.4,10.2,78938
20190424,19.5,10.1,77791
20190425,13.2,7.8,79426
20190426,8.4,3.7,79761
20190429,13.0,9.0,79628
20190430,15.5,13.5,79628
20190501,16.4,11.0,79628
20190502,17.1,14.7,77672
20190503,17.9,16.0,78035
20190507,15.0,13.5,77262
20190508,15.6,11.2,78047
20190509,16.6,11.2,78858
20190510,17.8,16.5,77886
20190513,18.7,7.3,79064
20190514,19.6,14.0,79974
20190515,20.7,13.2,80441
20190516,23.5,13.3,79492
20190517,23.6,10.7,79373
20190520,16.4,7.2,79838
20190521,17.2,12.1,79492
20190522,19.5,14.2,78978
20190523,22.1,14.2,80400
20190524,24.2,17.2,79109
20190527,17.8,8.0,80222
20190528,18.1,12.7,79944
20190529,20.3,13.2,79750
20190530,19.6,9.9,79657
20190531,19.1,7.2,79874
20190603,23.1,13.5,81154
20190604,22.6,11.4,81154
20190605,23.0,11.8,80706
20190606,21.2,6.5,80706
20190607,20.0,7.7,80385
20190610,18.4,6.2,80385
20190611,20.5,10.6,80385
20190612,21.5,10.3,81881
20190613,23.0,12.2,82217
20190614,23.0,9.3,82217
20190617,21.7,8.1,83076
20190618,20.8,7.8,83076
20190619,21.4,6.5,83209
20190620,22.7,8.0,81035
20190621,22.1,6.7,80630
20190624,25.2,10.0,80406
20190625,25.6,13.3,79308
20190626,25.5,8.8,79068
20190627,25.5,9.3,78711
20190628,24.7,6.7,78287
20190701,23.9,8.3,79069
20190702,24.4,9.3,79186
20190703,24.1,6.2,79722
20190704,25.4,12.8,80809
20190705,27.6,14.8,81463
20190708,25.1,9.8,83503
20190709,25.0,10.3,83648
20190710,22.7,8.0,83648
20190711,21.9,6.4,84444
20190712,23.6,8.7,83226
20190715,23.8,5.3,84538
20190716,24.7,7.4,84859
20190717,25.6,6.9,84794
20190718,26.9,8.8,84276
20190719,28.6,12.2,83591
20190722,26.7,6.8,84026
20190723,28.1,8.5,84706
20190724,26.5,2.0,84706
20190725,26.3,1.8,82506
20190726,25.1,2.2,81519
20190729,27.5,4.4,81711
20190730,28.1,4.5,81642
20190731,25.8,3.5,82568
20190801,26.3,6.6,83179
20190802,28.4,8.4,83912
20190805,30.5,10.3,84826
20190806,31.6,8.9,85089
20190807,26.9,6.4,84364
20190808,28.9,6.8,83421
20190809,29.8,8.6,83615
20190812,26.6,3.7,83823
20190813,29.2,10.2,83339
20190814,30.4,9.8,84263
20190815,25.9,4.7,84263
20190816,25.9,6.5,79594
20190819,26.3,10.1,79300
20190820,28.2,9.6,79394
20190821,27.0,6.0,80272
20190822,26.9,8.4,80271
20190823,26.2,7.8,81300
20190826,26.4,10.6,80881
20190827,25.7,7.1,81663
20190828,26.1,6.6,81850
20190829,23.4,6.3,84135
20190830,22.6,7.5,84135
20190902,24.4,10.3,83227
20190903,24.1,6.0,83777
20190904,22.8,4.3,84310
20190905,23.0,6.1,83371
20190906,25.3,7.5,83694
20190909,25.1,5.6,82503
20190910,23.8,4.4,83052
20190911,24.3,8.3,83052
20190916,24.5,9.8,86764
20190917,23.5,11.0,87764
20190918,21.0,9.4,88103
20190919,19.5,12.4,87839
20190920,19.6,8.4,88863
20190923,20.0,7.7,89352
20190924,19.8,12.6,89509
20190925,20.9,12.6,89509
20190926,22.9,11.3,88259
20190927,22.9,7.4,88259
20190930,22.4,13.5,88053
20191001,23.1,10.6,88600
20191002,21.6,4.2,88553
20191003,22.4,7.5,88553
20191004,22.4,9.8,89710
20191007,14.8,4.6,88220
20191008,14.7,9.2,88220
20191009,13.6,12.7,88220
20191010,15.2,9.1,89553
20191011,18.8,13.1,89553
20191014,14.4,10.1,90397
20191015,14.5,11.6,90541
20191016,14.6,11.8,89200
20191017,15.4,10.4,87643
20191018,17.0,10.7,87877
20191021,17.1,13.7,90031
20191022,18.1,11.1,89784
20191023,17.0,6.4,90129
20191024,18.3,8.5,90328
20191025,16.7,8.9,90935
20191028,12.9,10.3,91556
20191029,12.5,9.4,91090
20191030,11.2,12.7,91173
20191031,14.8,11.3,91397
20191101,14.9,9.1,90588
20191104,13.8,11.1,91520
20191105,12.4,10.0,91500
20191106,11.0,10.2,91500
20191107,9.2,8.6,89834
20191108,6.8,11.9,90021
20191111,11.2,7.2,90424
20191112,9.3,9.7,90317
20191113,7.2,8.3,90317
20191114,1.3,7.5,90114
20191115,5.6,6.2,89656
20191118,4.6,12.3,89656
20191119,0.2,7.5,89829
20191120,0.5,10.9,89339
20191121,4.2,11.3,91248
20191122,9.7,14.3,91050
20191125,1.9,7.2,90420
20191126,6.6,12.5,89859
20191127,3.1,6.5,90418
20191128,3.5,11.0,90110
20191129,1.5,10.3,89903
20191202,-0.1,6.0,91033
20191203,0.5,9.2,90485
20191204,2.0,9.2,89735
20191205,-4.4,8.3,88056
20191206,-5.9,9.6,88056
20191209,3.2,9.3,89277
20191210,8.1,4.8,89277
20191211,6.3,9.7,89368
20191212,-0.7,6.9,89139
20191213,2.1,9.6,86633
20191216,7.8,10.8,87510
20191217,7.7,7.0,88079
20191218,0.8,6.9,88310
20191219,-0.8,7.6,90312
20191220,-1.1,5.5,90130
20191223,3.4,4.9,90542
20191224,0.8,9.4,90188
20191226,2.0,6.5,90358
20191227,-1.7,7.2,90858
20191230,2.7,12.5,90384
20191231,-7.9,6.4,90094
20200102,1.0,4.5,89797
20200103,-0.1,8.0,89938
20200106,3.1,4.0,91100
20200107,6.3,3.5,91100
20200108,2.4,9.3,90632
20200109,-1.2,5.1,91730
20200110,-0.6,8.5,92135
20200113,-2.9,4.9,91905
20200114,-2.3,8.3,91986
20200115,-2.7,8.6,92943
20200116,-1.7,8.7,93608
20200117,-0.6,9.7,93617
20200120,0.7,8.8,94215
20200121,-0.4,11.1,94112
20200122,3.0,7.9,94112
20200123,4.6,9.9,93756
20200128,6.8,5.6,92543
20200129,6.0,6.4,93527
20200130,5.2,9.0,94590
20200131,3.9,7.5,94623
20200203,-0.4,5.9,95303
20200204,-1.6,9.9,95906
20200205,-8.3,6.1,95961
20200206,-6.4,12.2,93923
20200207,-1.7,9.4,92231
20200210,4.0,10.3,91979
20200211,6.8,15.1,92462
20200212,7.4,1.7,91943
20200213,6.5,3.8,90993
20200214,8.1,11.5,89757
20200217,-5.9,3.2,90248
20200218,-4.1,9.6,88752
20200219,1.0,10.8,89757
20200220,4.6,11.4,92632
20200221,6.7,8.8,93150
20200224,7.0,11.4,91526
20200225,6.7,4.7,91311
20200226,6.4,7.6,91311
20200227,6.1,11.2,91924
20200228,4.5,2.3,92393
20200302,3.4,7.6,92675
20200303,4.8,10.2,92086
20200304,2.2,5.9,93052
20200305,1.4,9.1,89696
20200306,3.7,12.6,91961
20200309,11.1,12.8,92287
20200310,6.4,7.6,92255
20200311,3.8,8.3,91247
20200312,6.8,13.1,90320
20200313,4.9,8.8,90261
20200316,3.6,11.2,91255
20200317,6.6,9.2,93669
20200318,10.0,14.3,93669
20200319,9.1,6.3,93465
20200320,8.8,10.9,93465
20200323,10.6,11.6,92157
20200324,11.4,12.6,92157
20200325,12.5,13.1,92157
20200326,14.8,12.5,94147
20200327,11.9,9.1,94147
20200330,10.2,12.6,93390
20200331,11.9,13.9,93797
20200401,11.3,11.4,93797
20200402,9.3,12.1,91846
20200403,10.0,11.0,91257
20200406,9.3,13.2,90507
20200407,10.6,10.8,90663
20200408,9.4,9.0,90659
20200409,8.9,10.4,94027
20200410,10.7,11.0,93320
20200413,12.4,16.1,94567
20200414,13.0,12.0,94500
20200416,16.0,14.9,93887
20200417,12.5,5.0,94750
20200420,10.0,5.5,95394
20200421,7.4,5.6,95706
20200422,6.0,4.2,95424
20200423,7.9,9.9,95273
20200424,9.9,10.2,94812
20200427,12.9,9.6,94774
20200428,13.9,12.1,94500
20200429,14.9,11.7,93333
20200430,17.1,14.1,93333
20200504,20.2,10.5,91346
20200505,16.0,6.2,91346
20200506,19.4,16.5,92571
20200507,20.7,11.6,92111
20200508,19.9,13.0,92552
20200511,16.5,9.6,93813
20200512,14.3,8.4,93790
20200513,16.1,11.6,93790
20200514,19.3,13.0,93152
20200515,16.1,6.1,94239
20200518,19.1,13.6,94852
20200519,13.0,7.0,94179
20200520,14.4,10.9,93130
20200521,17.4,12.0,94186
20200522,18.5,7.9,93871
20200525,16.6,7.6,93066
20200526,16.2,10.2,93124
20200527,17.4,12.1,94210
20200528,18.7,9.2,97110
20200529,20.7,13.0,97319
20200601,19.7,7.9,97455
20200602,17.9,7.0,98663
20200603,22.0,10.8,100029
20200604,21.9,6.8,101097
20200605,23.0,10.3,100238
20200608,25.0,12.2,98286
20200609,26.7,12.5,99211
20200610,25.8,9.6,99689
20200611,26.1,9.9,99263
20200612,24.7,6.0,99337
20200615,23.0,10.4,98872
20200616,24.4,10.7,100493
20200617,24.3,10.1,100048
20200618,23.4,7.0,99875
20200619,24.7,8.9,100003
20200622,28.6,13.7,100575
20200623,27.3,7.8,100575
20200624,22.3,6.4,100039
20200625,21.6,3.3,101974
20200626,21.8,6.5,101889
20200629,23.8,5.9,101503
20200630,20.1,4.7,102260
20200701,21.1,6.2,102517
20200702,24.2,9.4,101973
20200703,25.5,9.0,101397
20200706,25.6,9.1,101034
20200707,24.1,6.0,100870
20200708,25.5,9.1,100624
20200709,27.5,11.1,100117
20200710,24.5,5.0,99657
20200713,18.7,4.0,99657
20200714,20.3,7.1,100371
20200715,23.4,9.8,100142
20200716,25.0,9.3,100925
20200717,26.0,10.1,100925
20200720,23.8,4.2,101406
20200721,25.0,9.1,100761
20200722,23.7,3.1,100020
20200723,21.1,4.1,99633
20200724,22.5,8.1,99325
20200727,24.3,2.6,99856
20200728,24.4,3.7,100896
20200729,23.7,2.3,100107
20200730,25.3,5.0,98693
20200731,26.2,6.8,98437
20200803,25.0,2.4,98903
20200804,27.0,4.4,99537
20200805,26.5,3.6,99146
20200806,24.1,3.1,99410
20200807,24.3,3.5,100521
20200810,26.5,4.8,99638
20200811,24.6,4.9,99809
20200812,27.2,7.8,99506
20200813,28.0,4.0,102146
20200814,27.1,1.5,101803
20200817,28.2,6.1,101803
20200818,27.5,7.9,101474
20200819,27.1,7.8,102441
20200820,27.7,6.7,101348
20200821,26.6,4.0,100693
20200824,27.8,8.3,100797
20200825,29.9,8.5,101737
20200826,30.2,7.5,101452
20200827,27.1,3.0,100744
20200828,27.3,3.7,98448
20200831,26.4,6.2,97411
20200901,26.6,5.7,97964
20200902,24.3,3.8,99735
20200903,22.7,5.6,98968
20200904,23.3,7.6,100596
20200907,19.2,3.1,99845
20200908,23.4,5.9,99845
20200909,21.1,6.3,100293
20200910,22.8,8.2,101803
20200911,22.4,7.9,101835
20200914,21.3,7.3,101890
20200915,23.0,8.8,101520
20200916,22.5,3.6,101159
20200917,21.3,3.5,101277
20200918,21.5,7.7,101277
20200921,19.1,11.7,102752
20200922,20.2,10.1,103327
20200923,19.2,8.6,103933
20200924,20.6,8.6,104347
20200925,20.1,8.8,104894
20200928,20.7,10.8,104747
20200929,19.6,8.6,104188
20201002,19.2,5.6,104188
20201005,13.3,9.9,104077
20201006,14.2,10.4,104048
20201007,16.0,12.1,104048
20201008,17.2,11.0,103015
20201012,16.2,9.2,101315
20201013,13.6,9.8,101573
20201014,12.8,9.5,100496
20201015,11.7,12.0,100496
20201016,11.8,6.8,99381
20201019,15.1,11.5,99381
20201020,15.2,11.8,100696
20201021,14.1,5.5,100696
20201022,13.5,9.8,100532
20201023,8.6,7.9,100291
20201026,12.9,11.0,100291
20201027,14.0,10.4,101117
20201028,13.8,9.6,100641
20201029,10.8,10.6,102512
20201030,11.9,13.8,100412
20201102,10.8,7.7,103225
20201103,5.1,5.9,104386
20201104,4.9,10.6,104386
20201105,9.6,12.5,103723
20201106,13.5,7.3,103252
20201109,5.5,8.2,103956
20201110,7.7,9.4,103956
20201111,9.3,13.0,104548
20201112,10.4,13.1,104779
20201113,12.2,9.1,105097
20201116,12.4,10.8,104310
20201117,15.9,8.3,104310
20201118,16.6,3.9,104310
20201119,13.6,12.2,104355
20201120,2.8,6.7,103206
20201123,1.7,7.4,103794
20201124,2.9,6.2,104593
20201125,4.6,9.5,103794
20201126,5.6,9.0,102445
20201127,4.1,7.1,101510
20201130,-0.2,7.9,101900
20201201,1.1,10.3,101727
20201202,2.4,5.6,102613
20201203,0.7,6.5,102473
20201204,-0.6,9.0,102473
20201207,3.4,7.0,102579
20201208,-0.5,7.6,102523
20201209,1.5,10.3,102381
20201210,5.8,6.1,102600
20201211,5.3,6.8,101531
20201214,-7.7,4.7,101909
20201215,-8.3,6.5,102600
20201216,-8.3,7.3,101297
20201217,-4.9,11.9,100421
20201218,-2.1,8.2,100207
20201221,-1.0,10.7,100373
20201222,2.0,9.7,101760
20201223,4.5,8.9,101134
20201224,2.6,8.1,98115
20201228,6.7,7.2,97438
20201229,0.1,10.5,98756
20201230,-10.9,6.7,98154
20201231,-8.9,7.9,98811
20210104,-3.5,8.7,101847
20210105,-5.5,7.8,101347
20210106,-7.4,10.1,102159
20210107,-14.5,8.1,101397
20210108,-14.9,7.9,100778
20210111,-6.7,5.6,101294
20210112,-3.9,8.8,100870
20210113,2.0,11.3,101210
20210114,1.7,10.6,102550
20210115,4.5,10.6,102274
20210118,-3.8,9.3,103266
20210119,-6.3,11.4,103266
20210120,-0.1,13.7,103266
20210121,4.5,4.5,101816
20210122,5.5,1.8,100154
20210125,7.9,10.9,100976
20210126,5.3,5.7,100011
20210127,1.7,8.3,100115
20210128,-2.6,11.1,99076
20210129,-8.8,6.7,99076
20210201,5.0,11.8,99140
20210202,-5.6,5.8,100226
20210203,-3.2,10.8,100781
20210204,-3.6,8.1,101448
20210205,1.4,11.1,101448
20210208,-3.1,5.6,100604
20210209,-0.9,10.8,99028
20210210,3.4,8.7,99642
20210215,1.2,13.4,98381
20210216,-5.1,5.7,99987
20210217,-8.3,5.2,100519
20210218,-5.8,10.2,99705
20210219,1.6,16.0,101378
20210222,7.8,12.2,100814
20210223,0.0,7.4,101723
20210224,2.9,13.1,101723
20210225,4.2,7.5,102746
20210226,8.2,15.3,100413
20210301,4.7,8.5,100413
20210302,2.3,6.7,102004
20210303,4.4,11.1,101356
20210304,7.2,10.5,101619
20210305,9.0,13.2,102070
20210308,7.0,12.4,102070
20210309,6.6,10.1,101316
20210310,8.8,15.4,101676
20210311,10.2,12.4,101250
20210312,10.5,7.7,101663
20210315,10.6,10.6,101663
20210316,8.4,8.2,102104
20210317,8.8,15.7,102134
20210318,11.7,13.4,101461
20210319,15.3,8.8,101590
20210322,6.2,10.0,103084
20210323,9.1,13.9,102223
20210324,10.8,11.2,100472
20210325,11.9,12.2,100604
20210326,12.6,15.8,100604
20210329,10.2,7.3,100900
20210330,10.8,14.1,100363
20210331,14.5,17.0,100363
20210401,17.7,12.0,98446
20210402,17.8,10.5,98479
20210405,11.9,13.9,99291
20210406,13.9,9.8,98820
20210407,14.1,12.3,100072
20210408,13.0,10.8,98424
20210409,13.6,12.0,97424
20210412,13.8,5.9,98424
20210413,10.4,7.8,97154
20210414,8.4,10.2,96508
20210415,11.6,12.0,99393
20210416,11.3,6.7,103052
20210419,12.2,13.6,103090
20210420,14.8,13.9,103653
20210421,19.1,17.9,101483
20210422,20.9,11.4,99416
20210423,19.0,4.7,99496
20210426,16.2,8.3,100116
20210427,15.4,7.5,102063
20210428,14.5,7.0,99704
20210429,14.6,9.2,102890
20210430,11.3,6.0,103213
20210503,14.1,11.9,103350
20210504,13.8,4.4,103350
20210505,13.9,8.1,103350
20210506,15.7,15.2,101766
20210507,14.4,6.5,98204
20210510,13.2,2.9,99628
20210511,18.5,16.3,99572
20210512,22.0,10.8,98814
20210513,22.9,13.0,101704
20210514,24.1,12.8,102711
20210517,15.3,2.5,101658
20210518,17.9,10.9,100964
20210519,19.9,14.2,100964
20210520,18.7,7.3,98550
20210521,16.0,4.0,98550
20210524,19.4,8.1,99848
20210525,15.3,7.4,101204
20210526,18.0,11.5,102171
20210527,15.8,4.8,99613
20210528,15.3,7.3,101288
20210531,19.9,7.3,102462
20210601,20.2,8.0,102462
20210602,23.2,13.1,100807
20210603,19.1,8.1,103129
20210604,18.5,10.3,103129
20210607,21.1,4.6,103774
20210608,23.6,10.7,103774
20210609,25.8,12.1,103834
20210610,24.9,9.3,101493
20210611,21.5,4.5,100445
20210614,24.8,11.3,103170
20210615,22.5,3.8,102664
20210616,24.3,8.6,100031
20210617,21.9,5.4,97427
20210618,20.0,2.4,98148
20210621,23.6,9.3,100757
20210622,22.8,8.9,101058
20210623,22.4,9.1,101058
20210624,23.0,9.5,99529
20210625,24.1,10.0,100456
20210628,23.7,8.2,103543
20210629,23.9,7.1,103543
20210630,24.3,7.8,103207
20210701,26.3,9.6,102787
20210702,27.1,8.2,103239
20210705,23.3,6.8,102693
20210706,25.3,9.1,102296
20210707,26.4,5.2,102826
20210708,26.0,6.0,103630
20210709,25.5,5.6,103893
20210712,28.1,8.7,105131
20210713,28.8,5.2,105650
20210714,29.7,7.4,104834
20210715,29.1,8.6,98167
20210716,28.8,11.0,97173
20210719,26.4,6.5,97531
20210720,27.9,8.2,98221
20210721,30.5,10.0,98300
20210722,31.2,9.4,99846
20210723,31.2,8.6,98421
20210726,31.2,8.0,100343
20210727,31.1,7.9,100343
20210728,30.4,7.6,100343
20210729,29.6,6.3,95163
20210730,30.5,9.6,95516
20210802,26.5,3.6,95163
20210803,28.0,7.3,95916
20210804,28.9,6.9,95758
20210805,29.4,8.1,97181
20210806,28.1,6.2,97181
20210809,28.3,10.3,96932
20210810,27.7,7.9,97588
20210811,27.4,7.5,98088
20210812,26.8,7.7,101823
20210813,26.6,6.7,100881
20210816,27.3,10.3,100881
20210817,25.9,9.4,100958
20210818,24.3,10.4,100343
20210819,26.0,10.5,100091
20210820,26.6,8.1,99429
20210823,22.4,3.0,100510
20210824,23.4,5.3,100510
20210825,25.0,3.8,101110
20210826,25.5,5.0,100179
20210827,22.4,5.1,100926
20210830,24.2,6.5,100926
20210831,20.5,5.0,101079
20210901,21.4,5.4,100715
20210902,23.5,6.0,102923
20210903,24.3,8.6,102882
20210906,22.3,8.4,101380
20210907,19.6,3.3,101465
20210908,22.2,7.9,99935
20210909,23.5,10.0,98315
20210910,23.6,9.4,98315
20210913,24.8,9.5,100156
20210914,24.6,9.5,103696
20210915,23.6,9.4,105308
20210916,22.9,9.3,104448
20210917,23.5,7.7,104205
20210923,20.9,9.0,103345
20210924,21.8,10.2,102385
20210927,21.6,6.3,105342
20210928,21.5,4.8,106315
20210929,20.2,3.6,107481
20210930,20.3,9.9,109146
20211001,21.1,10.6,108521
20211004,22.9,6.4,108521
20211005,23.6,4.8,109578
20211006,18.8,3.8,110432
20211007,19.4,4.0,109125
20211008,18.8,2.5,110408
20211011,15.2,5.2,110408
20211012,17.9,5.5,112068
20211013,19.6,10.3,111789
20211014,19.7,6.5,111744
20211015,19.0,4.4,110796
20211018,9.6,13.3,111844
20211019,10.9,7.9,111492
20211020,9.5,11.2,111017
20211021,9.8,11.3,110896
20211022,10.8,12.0,112172
20211025,11.7,11.3,113196
20211026,13.0,11.3,112613
20211027,13.4,8.3,111340
20211028,12.7,12.9,108976
20211029,14.6,10.1,109689
20211101,12.9,6.6,107727
20211102,11.5,9.0,109504
20211103,12.1,9.5,111152
20211104,12.1,7.9,110774
20211105,13.0,12.4,110774
20211108,8.6,11.0,110996
20211109,4.9,3.5,111070
20211110,4.2,7.0,111548
20211111,5.3,7.6,109648
20211112,4.5,7.3,109804
20211115,10.1,9.9,109884
20211116,8.5,9.2,109852
20211117,7.5,9.8,109612
20211118,11.9,8.5,100976
20211119,12.9,6.5,100976
20211122,2.7,8.1,100130
20211123,-0.6,6.0,98845
20211124,4.1,11.7,99649
20211125,5.7,7.3,107114
20211126,2.9,7.7,105446
20211129,7.6,11.2,105704
20211130,5.7,8.2,107383
20211201,-1.3,4.5,106504
20211202,1.3,9.6,107235
20211203,1.9,6.4,107235
20211206,5.4,12.8,106987
20211207,6.8,10.7,107604
20211208,6.7,11.4,108654
20211209,6.5,7.0,107823
20211210,7.0,2.4,107384
20211213,-2.2,7.8,108754
20211214,3.7,8.9,109046
20211215,7.2,4.6,108942
20211216,6.4,6.5,107936
20211217,-5.6,13.3,108505
20211220,5.2,12.0,107300
20211221,5.2,8.1,108035
20211222,2.2,10.8,107300
20211223,2.7,9.8,110704
20211224,-0.3,10.5,109576
20211227,-7.6,9.0,109225
20211228,-4.1,7.6,110865
20211229,0.4,9.7,112019
20211230,-3.9,7.0,111396
20211231,-6.7,4.9,111396
20220103,-1.9,10.5,111980
20220104,-2.5,6.6,112090
20220105,-2.8,9.7,111780
20220106,-2.2,9.2,111800
20220107,-1.6,10.4,111990
20220110,0.5,7.8,112010
20220111,-7.4,10.6,112180
20220112,-7.7,7.9,111940
20220113,-6.4,5.8,112270
20220114,-4.8,11.4,111880
20220117,-5.8,9.3,112490
20220118,-5.6,9.2,113150
20220119,-5.3,5.0,113200
20220120,-5.0,10.7,113030
20220121,-2.7,13.3,112280
20220124,4.6,7.1,112640
20220125,2.8,2.6,112740
20220126,1.3,8.7,112860
20220127,-1.1,8.6,113150
20220128,-2.7,8.0,108320
20220203,-3.4,7.3,108400
20220204,-5.2,7.5,109910
20220207,-2.5,9.2,109780
20220208,-0.1,9.7,109670
20220209,1.0,11.5,109750
20220210,1.4,9.9,109740
20220211,2.9,11.4,109670
20220214,2.5,9.4,109790
20220215,-4.7,6.4,109750
20220216,-7.3,5.5,109650
20220217,-6.2,10.2,109460
20220218,-1.2,13.7,109830
20220221,-3.0,11.7,109980
20220222,-4.5,8.5,109810
20220223,-5.6,9.4,109660
20220224,-2.4,12.2,109870
20220225,3.0,12.0,109360
20220228,6.8,8.8,109240
20220301,5.8,9.4,109210
20220302,3.5,11.1,109170
20220303,5.8,11.5,109160
20220304,6.9,14.0,109460
20220307,2.8,11.4,109470
20220308,6.0,11.2,109400
20220309,7.1,13.1,109480
20220310,9.3,11.6,109420
20220311,11.2,13.3,109000
20220314,8.2,8.3,108510
20220315,7.2,11.0,109100
20220316,10.3,13.2,108930
20220317,10.7,7.3,108680
20220318,7.5,4.1,110870
20220321,5.0,11.2,110310
20220322,7.1,12.5,110170
20220323,6.2,3.3,110290
20220324,8.2,8.5,109940
20220325,12.0,10.9,110240
20220328,8.2,13.6,110520
20220329,9.7,12.3,110490
20220330,10.8,9.8,110150
20220331,10.9,7.1,109870
20220401,9.2,10.4,109310
20220404,10.3,11.3,108840
20220405,10.3,10.9,108650
20220406,11.7,9.0,108850
20220407,10.9,8.3,108700
20220408,12.9,14.9,106900
20220411,19.6,13.2,107230
20220412,19.3,10.5,107230
20220413,13.1,3.9,107060
20220414,13.2,3.9,107170
20220415,13.3,11.8,110080
20220418,15.2,10.2,110170
20220419,15.2,13.2,110160
20220420,15.7,12.4,109980
20220421,16.3,13.1,110150
20220422,15.0,3.6,110300
20220425,20.0,6.6,110260
20220426,21.9,11.7,110310
20220427,17.7,11.3,110330
20220428,18.2,14.3,110060
20220429,13.4,5.8,110310
20220502,14.2,10.3,109970
20220503,14.8,11.7,110050
20220504,17.8,15.2,110160
20220505,18.9,13.3,110240
20220506,19.6,11.9,104150
20220509,17.9,14.3,103700
20220510,19.9,12.7,103470
20220511,19.7,8.6,103690
20220512,20.9,14.0,103550
20220513,19.4,10.2,105590
20220516,17.3,12.8,105590
20220517,20.0,14.4,105530
20220518,20.0,9.7,105590
20220519,19.9,8.1,105450
20220520,20.6,10.2,105420
20220523,23.0,12.9,108830
20220524,22.9,13.5,108750
20220525,21.0,10.0,108640
20220526,18.7,9.4,108610
20220527,20.0,9.6,108870
20220530,20.8,7.5,106160
20220531,20.7,13.0,106010
20220602,21.5,9.8,106020
20220603,24.5,13.9,102850
20220606,19.7,7.8,102900
20220607,20.6,10.0,102690
20220608,21.2,9.6,102800
20220609,20.9,6.0,102580
20220610,20.9,9.4,105690
20220613,23.6,9.6,105590
20220614,21.5,9.4,105520
20220615,17.5,5.2,105500
20220616,20.3,7.2,105440
20220617,22.5,11.6,104010
20220620,25.2,7.0,103700
20220621,26.5,11.4,103630
20220622,25.9,9.1,103730
20220623,24.3,3.1,103680
20220624,22.6,4.3,108460
20220627,26.8,2.7,108440
20220628,26.9,2.2,108630
20220629,25.1,1.7,108580
20220630,22.3,3.3,108850
20220701,26.6,9.0,104930
20220704,29.3,6.2,104740
20220705,29.2,6.4,104760
20220706,29.5,7.1,104850
20220707,28.2,4.6,104640
20220708,25.8,3.9,104740
20220711,27.0,5.9,104630
20220712,26.8,6.2,104650
20220713,25.0,3.1,104670
20220714,25.7,6.6,105060
20220715,26.0,7.3,103170
20220718,26.8,7.0,103150
20220719,27.4,6.8,103110
20220720,27.1,6.1,102910
20220721,23.2,4.4,102630
20220722,25.1,4.6,105070
20220725,27.5,8.4,105120
20220726,28.9,8.7,105150
20220727,29.3,7.0,105160
20220728,29.7,9.3,105000
20220729,30.7,7.0,99890
20220801,28.6,7.0,99770
20220802,26.8,3.0,99940
20220803,27.1,4.8,99900
20220804,28.9,6.9,99940
20220805,29.4,5.7,104950
20220808,26.8,,105010
20220809,25.1,4.5,105230
20220810,24.7,7.4,105140
20220811,25.0,4.1,105200
20220812,27.0,9.4,102850
20220815,28.1,3.2,102720
20220816,26.7,5.9,102670
20220817,26.0,7.7,102560
20220818,25.6,7.4,102550
20220819,26.0,4.2,102530
20220822,26.8,7.3,102430
20220823,25.4,7.8,102380
20220824,24.8,5.5,102400
20220825,22.2,2.9,102300
20220826,23.8,8.5,98540
20220829,21.0,3.0,98630
20220830,19.1,2.4,98590
20220831,21.7,5.3,98590
20220901,24.0,12.1,98640
20220902,24.7,9.5,99430
20220905,19.2,5.0,99680
20220906,21.0,9.3,99790
20220907,22.8,10.2,99860
20220908,23.2,12.8,101720
20220912,23.8,7.2,101490
20220913,24.3,4.6,101430
20220914,24.6,5.2,101400
20220915,25.2,6.3,101370
20220916,25.7,6.5,99400
20220919,24.6,10.1,99610
20220920,19.9,8.5,99690
20220921,19.4,12.6,99810
20220922,19.8,10.5,99930
20220923,17.5,7.5,101550
20220926,20.0,10.6,101610
20220927,20.9,14.0,101580
20220928,20.4,10.0,101640
20220929,20.4,10.1,101610
20220930,20.7,12.9,103410
20221003,21.4,5.9,103360
20221004,17.9,8.8,103390
20221005,16.6,7.5,103410
20221006,15.8,6.4,103290
20221007,14.3,7.6,103670
20221010,9.9,3.7,103730
20221011,11.1,9.0,103660
20221012,13.5,14.1,103610
20221013,16.3,12.0,103650
20221014,17.1,10.6,108510
20221017,11.2,7.7,108510
20221018,9.4,9.2,108390
20221019,10.5,12.4,108320
20221020,12.9,13.7,108290
20221021,14.0,12.1,108420
20221024,10.6,7.3,108590
20221025,11.3,11.7,108570
20221026,12.9,9.8,108610
20221027,13.2,10.3,108510
20221028,13.6,12.4,98380
20221031,14.9,9.9,98140
20221101,13.1,8.4,98220
20221102,11.1,12.4,97950
20221103,9.3,7.8,97950
20221104,4.9,8.2,97900
20221107,11.4,10.5,97850
20221108,12.9,8.2,97840
20221109,11.4,9.3,97720
20221110,13.5,10.3,97840
20221111,15.6,11.2,107800
20221114,9.7,7.9,107820
20221115,8.1,8.3,107800
20221116,8.5,7.5,107900
20221117,10.2,11.2,107880
20221118,11.0,12.8,103100
20221121,11.8,6.9,102930
20221122,10.7,6.7,102750
20221123,10.8,8.4,102670
20221124,9.4,8.2,102590
20221125,12.3,10.7,107220
20221128,12.3,7.5,107130
20221129,6.9,16.6,107130
20221130,-5.4,6.5,107030
20221201,-5.4,8.2,106920
20221202,-2.5,10.6,98660
20221205,-3.1,8.9,98330
20221206,0.9,9.2,98260
20221207,4.9,7.8,98050
20221208,3.7,9.0,98090
20221209,4.5,9.3,100740
20221212,2.0,8.3,100750
20221213,0.0,9.5,100610
20221214,-8.4,6.1,100600
20221215,-4.5,7.2,100720
20221216,-6.3,7.4,99950
20221219,-7.0,9.5,99740
20221220,-3.2,12.4,99670
20221221,-0.1,5.2,99670
20221222,-7.8,8.7,99740
20221223,-11.8,5.1,98950
20221226,-3.9,9.6,98860
20221227,-2.6,10.6,98780
20221228,-3.3,6.1,98620
20221229,-2.9,9.9,98670
20221230,-1.8,6.7,98280
20230102,-4.5,7.0,98120
20230103,-5.0,9.6,98030
20230104,-1.8,9.0,98040
20230105,-1.6,9.2,98040
20230106,0.6,10.4,96720
20230109,3.1,8.3,96640
20230110,1.6,13.0,96570
20230111,2.6,11.2,96560
20230112,5.9,13.1,96440
20230113,8.3,5.0,98550
20230116,-4.6,5.6,98640
20230117,-3.7,6.6,98590
20230118,-1.9,6.8,98490
20230119,-0.4,10.3,98550
20230120,-3.3,9.7,96670
20230123,-0.8,11.5,96700
20230124,-14.7,10.1,96690
20230125,-11.3,11.9,96770
20230126,-6.0,5.5,96550
20230127,-7.3,5.8,97330
20230130,-0.9,8.6,97150
20230131,2.4,11.3,97210
20230201,0.9,9.0,97130
20230202,-2.4,6.5,97220
20230203,-1.6,7.3,97200
20230206,3.0,10.5,96790
20230207,3.5,10.1,96640
20230208,2.1,9.1,96360
20230209,4.0,12.7,95960
20230210,3.8,5.1,91410
20230213,5.9,5.7,90850
20230214,1.7,9.1,94640
20230215,3.2,10.1,94570
20230216,2.3,5.2,94220
20230217,3.4,11.3,93960
20230220,-0.5,5.9,94830
20230221,-1.3,10.1,94810
20230222,1.2,12.9,94610
20230223,2.9,11.0,94340
20230224,3.5,8.9,92700
20230227,4.4,14.2,92540
20230228,4.3,9.4,92460
20230301,6.0,6.1,92530
20230302,2.2,8.4,92510
20230303,4.6,12.3,92600
20230306,9.2,14.3,92430
20230307,11.7,13.1,92430
20230308,12.5,10.3,92420
20230309,10.3,5.7,92390
20230310,13.5,16.0,92630
20230313,2.9,9.5,92350
20230314,9.2,12.1,92290
20230315,8.6,10.9,92430
20230316,4.6,8.6,92300
20230317,7.2,12.0,92300
20230320,9.5,14.5,91930
20230321,13.0,17.2,92060
20230322,17.0,15.9,91960
20230323,17.4,11.0,91910
20230324,12.5,10.7,91720
20230327,7.3,12.6,87960
20230328,9.2,12.9,88000
20230329,11.8,14.6,88040
20230330,13.3,14.8,88030
20230331,15.0,16.4,88180
20230403,19.0,14.6,88130
20230404,17.6,9.0,88170
20230405,11.9,6.2,88090
20230406,8.8,2.3,87980
20230407,8.9,11.1,87860
20230410,13.2,12.9,91300
20230411,13.1,8.2,91370
20230412,10.1,10.5,91560
20230413,11.9,12.1,91530
20230414,16.2,9.4,91580
20230417,13.1,11.3,91580
20230418,14.0,7.7,91260
20230419,19.1,16.9,91270
20230420,15.8,4.4,91660
20230421,16.7,11.4,90830
20230424,15.8,9.8,94720
20230425,10.9,4.2,94650
20230426,10.2,6.1,94710
20230427,12.9,14.9,94730
20230428,15.7,12.3,94810
20230501,14.6,11.0,94630
20230502,16.7,14.6,92940
20230503,19.5,13.8,93030
20230504,21.4,10.2,88290
20230508,15.3,14.1,92740
20230509,17.0,14.4,92850
20230510,18.4,15.3,92730
20230511,19.5,13.9,92860
20230512,18.4,11.6,93000
20230515,20.6,15.1,92830
20230516,24.0,14.0,92780
20230517,23.5,10.1,92640
20230518,21.2,8.8,92680
20230519,22.3,11.1,92530
20230522,20.3,10.9,92660
20230523,20.5,12.8,92680
20230524,20.6,11.1,92710
20230525,21.2,11.7,92870
20230526,21.4,11.5,91340
20230529,23.2,9.5,91280
20230530,24.0,8.4,91280
20230531,22.8,9.4,91350
20230601,22.8,6.6,91230
20230602,20.4,7.1,91350
20230605,21.5,8.7,91390
20230606,20.3,7.9,91350
20230607,21.4,6.8,89550
20230608,20.4,5.6,89360
20230609,23.3,10.1,95680
20230612,22.2,9.1,95490
20230613,22.0,6.8,95540
20230614,20.6,7.5,95540
20230615,22.7,10.6,95500
20230616,23.7,9.8,95440
20230619,28.5,10.7,95310
20230620,24.7,5.0,95120
20230621,20.5,2.9,94970
20230622,22.5,7.5,94990
20230623,24.4,9.9,95230
20230626,24.2,5.2,96900
20230627,25.3,7.7,97020
20230628,26.5,5.9,97000
20230629,24.2,2.7,96790
20230630,25.3,5.9,96640
20230703,29.1,10.8,96650
20230704,26.1,4.7,96530
20230705,24.5,5.0,96540
20230706,27.3,9.4,96120
20230707,26.7,8.1,96240
20230710,26.3,8.0,96350
20230711,23.5,4.3,96340
20230712,25.8,7.1,96410
20230713,25.2,1.8,96220
20230714,24.6,1.2,96210
20230717,25.5,4.1,96160
20230718,25.2,3.6,95990
20230719,27.2,9.9,95880
20230720,27.9,8.8,96000
20230721,29.5,9.7,96040
20230724,26.9,5.4,96250
20230725,27.8,4.7,96130
20230726,27.6,6.2,90300
20230727,28.4,7.8,89920
20230728,29.5,8.7,82020
20230731,28.7,7.8,84080
20230801,29.9,8.7,83920
20230802,29.7,6.9,83390
20230803,29.5,8.0,84860
20230804,30.0,7.9,84650
20230807,30.4,7.3,86290
20230808,30.9,9.4,86410
20230809,28.3,6.5,86030
20230810,22.2,4.2,86450
20230811,23.5,3.3,87660
20230814,28.1,7.1,88820
20230815,28.6,8.0,88780
20230816,27.3,6.9,88760
20230817,28.2,7.9,88790
20230818,29.1,7.8,87460
20230821,29.5,7.6,87510
20230822,27.6,6.4,87320
20230823,24.8,4.0,87420
20230824,25.1,5.5,87700
20230825,26.5,6.0,90500
20230828,22.7,4.8,90380
20230829,23.9,3.0,90360
20230830,22.8,3.0,90350
20230831,23.9,7.9,90360
20230901,24.5,9.9,88610
20230904,27.0,5.9,88650
20230905,28.5,7.8,88410
20230906,27.9,8.1,89000
20230907,26.3,10.7,89890
20230908,25.3,10.9,90160
20230911,25.5,6.7,90260
20230912,25.7,8.1,90260
20230913,22.1,5.0,90360
20230914,23.4,8.0,90580
20230915,22.3,4.0,91630
20230918,24.7,6.8,90610
20230919,24.1,5.6,91010
20230920,20.6,5.1,91300
20230921,20.1,6.1,91400
20230922,20.5,11.5,91900
20230925,21.6,8.1,92430
20230926,19.9,2.2,92530
20230927,21.5,3.7,92710
20231002,18.2,11.7,92990
20231003,17.5,8.1,92980
20231004,17.3,9.0,93100
20231005,14.2,9.3,93340
20231006,15.5,11.9,95950
20231009,17.4,8.3,95960
20231010,17.1,11.6,96050
20231011,17.6,11.1,96200
20231012,17.5,12.1,96450
20231013,17.5,7.2,92760
20231016,14.7,8.9,92790
20231017,13.8,13.4,92760
20231018,15.7,12.4,92870
20231019,17.0,4.0,92930
20231020,11.6,7.9,97170
20231023,15.2,10.3,100380
20231024,15.6,8.1,100250
20231025,16.6,9.2,100200
20231026,17.2,6.5,97340
20231027,15.7,7.6,87000
20231030,15.1,12.2,88280
20231031,16.5,8.1,88340
20231101,19.0,3.4,88250
20231102,20.8,7.2,97900
20231103,19.5,4.7,98100
20231106,13.3,12.7,100980
20231107,5.8,6.3,100990
20231108,8.4,14.3,101190
20231109,11.4,12.5,101190
20231110,3.4,8.6,97860
20231113,2.0,8.9,97800
20231114,5.0,11.6,97820
20231115,7.0,10.5,97850
20231116,6.6,1.7,97770
20231117,1.6,7.8,98350
20231120,6.2,11.0,102030
20231121,7.4,13.4,101970
20231122,9.5,12.2,101730
20231123,9.9,12.7,101080
20231124,-1.5,6.6,96930
20231127,6.2,4.9,97140
20231128,1.3,6.4,97100
20231129,-1.4,7.0,96900
20231130,-4.3,6.8,96900
20231201,-3.2,7.5,89740
20231204,2.7,12.4,89620
20231205,6.8,8.8,89630
20231206,6.1,4.8,89750
20231207,6.6,10.6,92600
20231208,11.2,11.7,92600
20231211,8.9,7.3,92370
20231212,5.4,5.8,92550
20231213,6.8,7.7,92490
20231214,7.6,2.9,92510
20231215,4.9,2.5,97880
20231218,-7.7,8.6,97800
20231219,-3.7,8.4,97760
20231220,-7.4,9.8,97850
20231221,-11.7,6.4,96840
20231222,-11.6,6.7,94710
20231225,-0.7,4.8,94750
20231226,1.9,9.8,94780
20231227,1.5,9.6,94740
20231228,1.2,6.1,94870
20231229,1.3,6.1,94700
